country,zone,price,currency,as_of,source,licence,note
AD,,0.172,EUR,2026-01,energy (tier 2 block) + power term at assumed 5 kW contracted + 4.5% IGI added on top | https://www.feda.ad/per-particulars/tarifes,utility/regulator tariff (public regulatory document; rates are facts),"medium confidence; at 300 kWh/month; FEDA Tarifa Plana (Decree 482/2025, 2026 prices = +2.8% CPI): 300 kWh/mo = 10 kWh/day -> 0.1266 EUR/kWh; power 2.26 EUR/kW/mo x 5 kW = 11.30. (37.98+11.30)x1.045 = 51.50 -> 0.1717. Contracted power assumed (not published for a typical home); IGI 4.5% assumed excluded from decree prices per FEDA billing description"
AE,,0.31,AED,2026-09,energy slab + fuel surcharge + meter charge + 5% VAT (expatriate tariff) | https://www.dewa.gov.ae/en/consumer/billing/slab-tariff,utility/regulator tariff (public regulatory document; rates are facts),"medium confidence; at 1600 kWh/month; Expatriate tariff (most households). Dubai 0.308, Abu Dhabi apartment 0.305, EtihadWE 0.294 at 1,600 kWh (DEWA 2025 average per residential account); 0.322 in Dubai at 300 kWh; nationals pay 6.7-7.5 fils outside Dubai; Sharjah not found; housing/municipality fees excluded"
AF,,2.5,AFN,2016-03,energy only (0-200 kWh block); no taxes or fixed charges shown on the tariff | https://main.dabs.af/static/16,utility/regulator tariff (public regulatory document; rates are facts),medium confidence; at 200 kWh/month; DABS Kabul residential tariff 'from 1395 to present' (image https://admin.dabs.af/images/pages/489322133.png); no change seen in DABS news since 2024-08; other provinces not found; 2.92 at 300 kWh
AG,,1.28,XCD,2026-10,"energy 0.40/kWh (first 300 kWh, Domestic Tariff B) + Fuel Variation Rate 0.88/kWh (Oct 2026); no fixed charge beyond EC$25 minimum; ABST not shown on APUA tariff (treated as none) | https://www.apua.ag/customer-service/rates/",utility/regulator tariff (public regulatory document; rates are facts),medium confidence; at 300 kWh/month; APUA. FVR raised 0.80->0.88 from 1 Oct 2026 (antiguaobserver.com/apua-fuel-rate-increase-pushes-october-electricity-bills-higher/). APUA rates page still shows June-2026 FVR 0.80. ABST treatment of domestic electricity not verified. Same tariff on Barbuda.
AI,,1.81,XCD,2026-09,min charge EC$22 (0-40 kWh) + 0.63/kWh (41+ kWh) + meter rental EC$5 + fuel surcharge 1.05/kWh (Sep 2026) + GST 13% on kWh above 130 (domestic exemption); government fuel-surcharge subsidy NOT applied | https://www.anglec.com/rates.php,utility/regulator tariff (public regulatory document; rates are facts),"low confidence; at 300 kWh/month; ANGLEC rates page Sep 2026. Government of Anguilla temporary residential subsidy (households pay ~0.42/kWh surcharge; April 2026 confirmed paid, reported current June 2026) would give ~1.13 if still in force in Sep 2026 - status unconfirmed. GST base (whether fuel surcharge is taxable) assumed taxable on units >130."
AL,,10.2,ALL,2026-10,"ERE regulated household tariff 8.5 ALL/kWh excl. VAT (<=700 kWh/month, 2025-02-01 to 2026-12-31) + 20% VAT; Eurostat 2025-S2 (11.4) predates the cut","Official regulatory decision (ERE), no copyright claimed",rtsh.al report of the ERE decision
AM,,48.48,AMD,2026-02,"energy+distribution, VAT included; no fixed charge | https://www.ena.am/Info.aspx?id=11&lang=2",utility/regulator tariff (public regulatory document; rates are facts),"medium confidence; at 300 kWh/month; PSRC household day rate, 201-400 kWh category (unchanged since 2022-02, confirmed in PSRC table valid from 2026-02-01); 47.15 if tiers are marginal; ~45.2 with 1/3 night use; social tariff 29.99/19.99"
AO,,16.73,AOA,2025-06,"energy charge + power charge (Doméstica Monofásica, 6.6 kVA); no IVA applied (status unverified, see note) | https://irsea.gov.ao/electricidade/",utility/regulator tariff (public regulatory document; rates are facts),"medium confidence; at 300 kWh/month; IRSEA tariff per Despacho 3133/25 (5 May 2025, in force June 2025): Monofásica 117.00 Kz/kVA + 14.16 Kz/kWh; 84% of ENDE customers are Monofásica (Expansão). Bill 772.20 + 4248.00 = 5020.20 Kz / 300 kWh. IRSEA's own example bills reproduce the formula with no IVA added; whether 14% IVA applies to domestic electricity could not be confirmed. Social I (<=120 kWh, 1.3 kVA) 3.20 Kz/kWh; Social II (<=200 kWh, 3 kVA) 8.33 Kz/kWh."
AR,,209.97,ARS,2026-10,Edenor T1-R2 unsubsidised: fixed + energy; IVA 21%; national levy 0.6%. Excludes provincial/municipal levies | https://www.enre.gov.ar/web/tarifasd.nsf/todoscuadros/937BAA27CA170F3503258E820069D790?opendocument,utility/regulator tariff (public regulatory document; rates are facts),"medium confidence; at 300 kWh/month; ENRE period 10/26, AMBA. With subsidy: 123.66/kWh"
AS,,0.5065,USD,2026-08,ASPA system rate + service charge | https://www.aspower.com/ASPAWEB/rates/202608_FS.pdf,utility/regulator tariff (public regulatory document; rates are facts),high confidence; at 300 kWh/month
AT,,0.3272,EUR,2025-12,Eurostat nrg_pc_204 2025-S2 band DC all taxes,"Eurostat: reuse authorised, source acknowledged",
AU,,0.41,AUD,2025-09,effective price incl. supply charges + GST; rebates excluded | https://www.accc.gov.au/system/files/inquiry-national-electricity-market-report-june-2026.pdf,CC BY 4.0 AU (ACCC report),medium confidence; at 400 kWh/month; Weighted NSW/VIC/SEQ/SA + WA
AW,,0.3848,AWG,2024-11,fixed access charge AWG 12.50/mo + energy 0.3431 (first 500 kWh); rates as billed (sample bill shows no separate tax lines) | https://www.elmar.aw/payment-&-billing/rates,utility/regulator tariff (public regulatory document; rates are facts),"medium confidence; at 300 kWh/month; N.V. ELMAR residential rate, still published as current Oct 2026; effective from Nov 2024 bill month; no separate fuel clause on ELMAR residential tariff page"
AX,,0.265,EUR,2026-11,energy + transmission + electricity tax + 25.5% VAT + fixed charges (3x16A fuse) spread | https://www.el.ax/Content/3ceea3f8-7111-41ab-ba22-826194a7acb1/Documents/Tariffhafte_2026-11-01.pdf,utility/regulator tariff (public regulatory document; rates are facts),high confidence; at 300 kWh/month; Alands Elandelslag Normaltariff from 2026-11-01 (announced; dominant distributor): variable 18.28 c/kWh incl VAT (energy 9.29 + transmission 6.07 + elskatt 2.92) + fixed 260+36.42 = 296.42 EUR/yr. (54.84+24.70)/300 = 26.5 c/kWh. Until 31 Oct energy is ~3 c lower (pre-rise)
AZ,,0.0927,AZN,2026-01,marginal blocks 8.4/10.0/15.0 qepik incl. VAT + 1.00 AZN/month fixed charge | https://tariff.gov.az/ckfinder/userfiles/files/30.12.2025-File/Q%C9%99rar%20Elektrik%20(30_12_2025)-%C6%8Flav%C9%99.pdf,utility/regulator tariff (public regulatory document; rates are facts),high confidence; at 300 kWh/month; Blocks from 2025-01-02 (Tariff Council decision 19 of 29.12.2024); fixed charge from 2026-01-01 (decision 9 of 30.12.2025); 0.0890 at 200 kWh
BA,,0.189,BAM,2025-12,Eurostat nrg_pc_204 2025-S2 band DC all taxes,"Eurostat: reuse authorised, source acknowledged",
BB,,0.647,BBD,2026-09,"customer charge $12 + base energy (150 @0.160, next 150 @0.196) + fuel clause adjustment 37.5253c + VAT 7.5% on first 250 kWh / 17.5% above | https://www.blpc.com.bb/fuel-clause-adjustment/",utility/regulator tariff (public regulatory document; rates are facts),medium confidence; at 300 kWh/month; FCA Aug/Sep 2026 = 37.5253 c/kWh (BL&P). Base tariff from BL&P Domestic Tariff (support.blpc.com.bb). Reduced 7.5% VAT on first 250 kWh last confirmed by BRA to 2025-03; if lapsed (17.5% on all) price = 0.697. Excludes 10% prompt-payment discount on non-fuel charges. Govt 50% FCA-increase absorption (Apr-Jun 2026) may or may not still apply.
BD,,7.72,BDT,2026-06,telescopic energy blocks + demand charge 42 Tk/kW/month x 2 kW (assumed) + 5% VAT | https://objectstorage.ap-dcc-gazipur-1.oraclecloud15.com/n/axvjbnqprylg/b/V2Ministry/o/office-bpdb/2026/5/e37ed032-9fe9-4717-b84c-92d06c96bcde.pdf,utility/regulator tariff (public regulatory document; rates are facts),medium confidence; at 138 kWh/month; BERC order 2026-06-03 (correction 2026-06-04 kept 0-75 kWh at 5.26); 138 kWh = BPDB FY22-23 domestic sales/consumers; 8.09 at 200 kWh; VAT and sanctioned load assumed
BE,,0.3499,EUR,2025-12,Eurostat nrg_pc_204 2025-S2 band DC all taxes,"Eurostat: reuse authorised, source acknowledged",
BF,,120.54,XOF,2023-10,SONABEL tarif B1 (monophase normal) 10A energy blocks + monthly redevance + prime fixe; taxes NOT included (unverified) | https://www.arse.bf/wp-content/uploads/2025/09/N°2023-2023-382-Arrete-Interministeriel-MEMC-MEFP-MDICAPME-portant-fixation-des-tarifs-de-vente-de-lenergie-electrique-par-la-Societe-Nationale-dElectricite-du-Burkina-SONABEL.pdf,utility/regulator tariff (public regulatory document; rates are facts),"low confidence; at 200 kWh/month; Arrete 2023-382 grid, from Oct 2023; ARSE 2024 report confirms it is in force; no later change found. 50 x 96 + 150 x 102 + redevance 457 + prime fixe 355/A x 10A = 24107 / 200. 5A subscription: 111.66. Could not verify whether TVA or other levies (e.g. TV fee) apply to domestic bills (sonabel.bf unreachable, web search budget exhausted): low confidence."
BG,,0.1355,EUR,2025-12,Eurostat nrg_pc_204 2025-S2 band DC all taxes,"Eurostat: reuse authorised, source acknowledged",
BH,,0.004,BHD,2026-08,energy 3 fils block + BD 1 monthly admin fee (Bahraini single-account tariff) | https://www.ewa.bh/en/tariff,utility/regulator tariff (public regulatory document; rates are facts),"medium confidence; at 3400 kWh/month; Citizens' tariff: 62.6% of private households are Bahraini (census 2020); 3,400 kWh = EWA 2025 domestic sales / 2020 households (overstated); 6.3 fils at 300 kWh; non-Bahraini 32 fils flat (~0.036 BHD with VAT, unverified)"
BI,,220.67,BIF,2017-09,block energy charges of the Sept 2017 REGIDESO revision; REGIDESO's own 150 kWh example bill (assumed all-in incl. fixed charge/TVA; not itemised) | https://www.iwacu-burundi.org/vaut-mieux-une-hausse-du-prix-de-lelectricite-quune-penurie/,news report of the utility's announced tariff (rates are facts),"low confidence; at 150 kWh/month; REGIDESO Sept 2017 grid: 0-50 kWh 82 FBu/kWh (up from 68); announced example 150 kWh/month = 33,100 FBu -> 220.67 FBu/kWh. Blocks above 50 kWh not published in full (implied ~290 FBu/kWh for 51-150). World Bank Burundi National Energy Compact (2026, worldbank.org) confirms the 2017 structure is still in force (avg 9.4 UScents/kWh). regideso.bi/tarifs renders no data"
BJ,,162.92,XOF,2021-01,energy (BT1 postpaid blocks) + prime fixe 500 FCFA/kVA (3 kVA assumed) + 18% TVA + taxe électricité 2 F/kWh + contribution électrification rurale 3 F/kWh | https://sbee.bj/particuliers/tarifications/,utility/regulator tariff (public regulatory document; rates are facts),medium confidence; at 300 kWh/month; SBEE BT1: social 88 only if <20 kWh/30 days; 0-250 kWh 125; >250 kWh 148; grid in force since Jan 2021 and kept by ARE decision of 13 Oct 2025 for 2026-2027. 250x125 + 50x148 = 38650 + 1500 prime + 7227 TVA + 1500 levies = 48877 FCFA / 300 kWh. Prepaid (flat 125) gives 158.40. Levies per daabaaru.bj report of the 2021 tariff.
BL,,0.2039,EUR,2026-08,"TRVE Tarif Bleu Base 6 kVA TTC: subscription EUR 159.60/yr spread + 15.96 c/kWh; incl. CTA, CSPE 2.25 c/kWh, local taxe sur l'electricite 10% (no VAT) | https://www.edf.gp/sites/sei_gp/files/2026-08/Tarif_Bleu_residentiel_TTC_Guadeloupe_St_Barthelemy_01082026.pdf",utility/regulator tariff (public regulatory document; rates are facts),"high confidence; at 300 kWh/month; EDF Archipel Guadeloupe grid for Saint-Barthelemy, valid 1 Aug 2026"
BM,,0.4159,BMD,2026-10,BELCO residential: energy blocks 0.14520 (0-250) / 0.25611 (251-700) + fuel adjustment rate 0.14226 (from 1 Oct 2026) + RA fee 0.00556/kWh + graduated facilities charge tier 1 BMD 31.33/mo | https://belco.bm/know-your-rate-and-bill/,utility/regulator tariff (public regulatory document; rates are facts),high confidence; at 300 kWh/month; RA Bermuda-approved rates from 1 Aug 2026; at 300 kWh/30 days = 10 kWh/day sits on GFC tier boundary; tier 2 (47.00) gives 0.4682
BN,,0.038,BND,2012-01,"energy blocks; no GST/VAT, no standing charge | https://www.des.gov.bn/electricity-tariff/",utility/regulator tariff (public regulatory document; rates are facts),"low confidence; at 1000 kWh/month; 600x0.01 + 400x0.08 = B$38; tariff certain, 1,000 kWh/month typical use is an unsourced estimate (0.010 at <=600 kWh, 0.052 at 1,500)"
BO,,0.74,BOB,2023-11,DELAPAZ D2-PD-BT minimum charge + blocks; taxes incl. | https://aetn.gob.bo/wp-content/uploads/2026/05/AETN-R-0658-27-23.pdf,utility/regulator tariff (public regulatory document; rates are facts),low confidence; at 200 kWh/month; AETN Res. 658/2023; indexation since not verified
BQ,,0.6742,USD,2026-07,"WEB variable usage tariff USD 0.5021/kWh (ACM max from 1 Jul 2026, fuel-driven) + subsidised fixed charge USD 35.85/mo (standard connection up to 3x35A; ACM max 51.33-72.85) | https://www.acm.nl/system/files/documents/beschikking-variabel-gebruikstarief-web-per-1-juli-2026.pdf",utility/regulator tariff (public regulatory document; rates are facts),"medium confidence; at 208 kWh/month; Bonaire headline (most populous). 208 kWh/mo = 2500 kWh/yr average from the BES ministerial regulation cited by ACM. Fixed 35.85 from WEB announcement via bonaire.nu (subsidy by EZK/KGG + I&W). At 300 kWh: 0.6216. Saba 0.4792 (3.2 kVA fixed fully subsidised), Statia 0.38-0.52 (see md). ABB treatment not verified"
BR,,1.09,BRL,2026-10,Estimate: ANEEL average residential tariff grossed up for ICMS ~19% and PIS/COFINS ~5%; green flag assumed | https://www.pv-magazine-brasil.com/2026/03/17/aneel-projeta-aumento-tarifario-medio-de-8-em-2026/,derived from ANEEL bulletin figures (public; rates are facts),low confidence; at 170 kWh/month; Derived estimate; October flag unknown
BS,,0.225,BSD,2026-02,"customer charge $3.36 + base energy (0-200 kWh free, 201-800 11.95c) + fuel charge 17.4c; no VAT (VAT only on bills over $400) | https://www.bplco.com/new-tariff-rates-information-era/",utility/regulator tariff (public regulatory document; rates are facts),"medium confidence; at 300 kWh/month; BPL ERA tariff (Jul 2024) + latest fuel charge BPL publishes (17.4c, Dec 2025-Feb 2026, includes govt rebate). Fuel charge for later 2026 months not published on BPL site; Tribune (Jun 2026) quotes all-in 33-39c at higher consumption. Typical Bahamian use is much higher than 300 kWh."
BT,,1.97,BTN,2024-11,energy blocks only (LV tariff has no fixed charge); no tax found | https://www.bpc.bt/electricity-tariff/,utility/regulator tariff (public regulatory document; rates are facts),"medium confidence; at 200 kWh/month; Non-rural LV: 0-100 kWh 1.28, >100 kWh 2.66 Nu; tariff of 2024-11-01 extended by ERA interim order 2025-07-01 pending 2025-28 review; rural households (Block I free) pay 1.33; 2.20 at 300 kWh"
BW,,1.24,BWP,2026-08,fixed charge + 2-band energy + 0.10 BWP/kWh levy; VAT inclusive | https://www.bpc.bw/wp-content/uploads/2026/07/BPC-TARIFF-2026.jpg,utility/regulator tariff (public regulatory document; rates are facts),"high confidence; at 300 kWh/month; BPC Domestic (TOU 4) from 1 Aug 2026, VAT inclusive: 35.12 + 200x0.7507 + 100x1.5637 + 300x0.10 = P371.63 -> 1.24 BWP/kWh"
BY,,0.3037,BYN,2026-03,flat subsidised household tariff (homes without electric stoves); no fixed charge; final billed price | https://www.government.by/sites/default/files/resolution/2026-02/93.pdf,utility/regulator tariff (public regulatory document; rates are facts),"high confidence; at 300 kWh/month; Council of Ministers Resolution No. 93 of 2026-02-25, effective 2026-03-01. Electric-stove homes pay 0.2581; separate-meter heating 0.0487 (from June). Figures cross-checked in multiple state media. government.by refuses foreign fetches but URL is the decree PDF"
BZ,,0.488,BZD,2026-10,"BEL residential blocks + COPA adjustment (0.0151/kWh, GST-exempt) + GST 12.5% on base tariff (GST treatment not verified) | https://www.puc.bz/wp-content/uploads/2026/07/Final-Decision-and-Order-BEL-2026_2027-Annual-Review-Proceedings.pdf",utility/regulator tariff (public regulatory document; rates are facts),"medium confidence; at 300 kWh/month; PUC Schedule 6A (Jan 2026-Jun 2027): 0-50 kWh 0.34, 51-200 0.42, >200 0.46 BZD; Oct 2026 COPA 0.0151 (PUC decision). Without GST: 0.435. Social rate 0.22 for <=60 kWh."
CA,CA-AB,0.2366,CAD,2026-10,"Rate of Last Resort (default supply) at 1000 kWh/mo, avg Calgary/Edmonton weighted 1.6:1.1. Edmonton: EPCOR RoLR 12.01 c (fixed 2025-26) + admin $0.230/day (Jul-1-2026) + EDTI 2026 interim DAS $0.72856/day + 1.783 c + SAS 4.050 c + riders G/J/K +0.217 c (K from Oct-1-2026) + City franchise fee 1.388 c = 23.48 c with GST. Calgary: ENMAX RoLR 12.06 c + admin $0.4134/day + EPC D100 $0.769463/day + 1.5477 c + 3.8996 c + riders -0.005 c (Q3-2026 TAC rider used; Q4 not found) + LAF 1.5507 c = 23.78 c with GST. GST 5%; no rebates. Competitive 2-yr fixed (~7.8-8 c energy in 2026) is much cheaper | https://www.epcor.com/content/dam/epcor/documents/rates/regulated-rate-tariffs/2026-07-edmonton-regulated-rate-tariff.pdf ; https://www.epcor.com/ca/en/ab/edmonton/account/rates/special-fees-charges/electricity-tariffs.html ; https://assets.enmax.com/api/public/content/516f331f11314de58342afacbb98bc1e?v=52c9f5c0 ; https://assets.enmax.com/api/public/content/267403ea7dc446518a54d1a3fc13d39b?v=e6ddec2a ; https://www.calgary.ca/our-finances/facts/franchise-fee-update.html",utility tariff (public regulatory document; rates are facts),"medium confidence; at 1,000 kWh/month, taxes and on-bill rebates included"
CA,CA-BC,0.1376,CAD,2026-04,"BC Hydro RS1101 tiered (default) eff. Apr-1-2026: basic 23.44 c/day + 675 kWh @ 11.87 c + 325 kWh @ 14.08 c, Deferral Account Rate Rider -1.5%, Trade Income Rider 0% = 131.02 ex-tax; GST 5% (PST exempt). Flat-rate option RS1151 (25.00 c/day + 12.70 c) gives ~13.9. Excludes $1.90/mo Metro Vancouver transit levy | https://www.bchydro.com/content/dam/BCHydro/customer-portal/documents/corporate/tariff-filings/electric-tariff/bchydro-electric-tariff.pdf",utility tariff (public regulatory document; rates are facts),"high confidence; at 1,000 kWh/month, taxes and on-bill rebates included"
CA,CA-MB,0.1256,CAD,2026-01,Manitoba Hydro residential (<=200 A) eff. Jan-1-2026: $9.84 + 9.970 c/kWh = 109.54 ex-tax; Winnipeg non-electric-heat customer: PST 7% + City of Winnipeg electricity tax 2.5% + GST 5% (on charges + city tax). Electric-heat customers pay reduced PST/city tax (~11.7) | https://www.hydro.mb.ca/accounts_and_services/rates/residential_rates/ ; https://assessment.winnipeg.ca/AsmtTax/English/Other_Taxes/GasElect.stm,utility tariff (public regulatory document; rates are facts),"medium-high confidence; at 1,000 kWh/month, taxes and on-bill rebates included"
CA,CA-NB,0.2035,CAD,2026-04,"NB Power N-1 residential from Apr-14-2026: avg urban/rural service charge $32.32 + 15.84 c/kWh (base 15.39 + variance 0.45), 1000 kWh/mo = 19.07 ex-tax; HST 15% minus provincial 10% electricity rebate on kWh charges (since Jan-2025) | https://www.nbpower.com/media/1494118/2026-27-rate-schedules-and-policies-effective-2026-04-14.pdf ; https://www2.gnb.ca/content/gnb/en/corporate/promo/electricity-rebate.html",utility tariff (public regulatory document; no open licence; facts only),"medium-high confidence; at 1,000 kWh/month, taxes and on-bill rebates included"
CA,CA-NL,0.1992,CAD,2026-07,Newfoundland Power Rate #1.1 Domestic eff. Jul-1-2026 (PUB Order P.U. 16(2026); includes Rate Stabilization and Municipal Tax adjustments): $17.36 (<=200 A) + 15.587 c/kWh = 173.23 ex-tax; HST 15% | http://www.pub.nf.ca/PU/orders/2026/P.U.%2016(2026).PDF,utility tariff (public regulatory document; rates are facts),"high confidence; at 1,000 kWh/month, taxes and on-bill rebates included"
CA,CA-NS,0.2219,CAD,2026-05,"NS Power Standard Residential from May-1-2026: base $20.08 + 19.128 c/kWh, 1000 kWh/mo = 21.14 ex-tax; HST 14% with provincial portion rebated (Your Energy Rebate Program) -> effective GST 5%. (CER used cheaper TOD rate: 16.10 ex-tax) | https://www.nspower.ca/your-home/residential-rates/standard-residential-service-rate ; https://www.novascotia.ca/rebate-equal-provincial-portion-hst-paid-home-energy-products-your-residential-property",utility tariff (public regulatory document; no open licence; facts only),"medium-high confidence; at 1,000 kWh/month, taxes and on-bill rebates included"
CA,CA-NT,0.4137,CAD,2026-07,"Naka Power Yellowknife (Snare zone) Jul-1-2026: $18 customer charge + 23.72 c energy, Rider R +8.199% on base, Rider F 10.84 c/kWh, franchise tax 2.464%; 1000 kWh/mo = 39.40 ex-tax; GST 5%. Other communities get the Yellowknife rate for first 1000 kWh (Sep-Mar)/600 kWh (Apr-Aug) via TPSP | https://www.nakapower.com/content/dam/web/nakapower/2026-07-01-NPUNWT-rate-schedule.pdf",utility tariff (public regulatory document; no open licence; facts only),"medium-high confidence; at 1,000 kWh/month, taxes and on-bill rebates included"
CA,CA-NU,0.3934,CAD,2026-10,"QEC non-government residential 74.94 c/kWh (interim rates since Apr-1-2025); NESP subsidises 50% on first 1000 kWh (Oct-Mar) / 700 kWh (Apr-Sep) and covers the $36 service charge -> 37.47 ex-tax at 1000 kWh in winter; GST 5%. Summer (Apr-Sep) ~51.1, 12-month avg ~45.2; public-housing tenants pay 6 c/kWh (excluded) | https://www.qec.nu.ca/customer-care/accounts-and-billing/customer-rates ; https://www.cer-rec.gc.ca/en/data-analysis/energy-markets/market-snapshots/2026/market-snapshot-how-much-do-your-neighbours-across-canada-pay-for-electricity.html",utility tariff (public regulatory document; no open licence; facts only),"medium-low confidence; at 1,000 kWh/month, taxes and on-bill rebates included"
CA,CA-ON,0.1890,CAD,2026-01,"RPP Time-of-Use (default plan) prices Nov-1-2025..Oct-31-2026 (9.8/15.7/20.3 c, OEB's 64/18/18 consumption split = 12.752 c) + Toronto Hydro 2026 delivery (service charge $51.18/30 d and fixed riders, DVA+CBR riders 0.160 c, transmission 2.241 c x loss factor 1.0295, line losses) + regulatory (WMS/CBR/RRRP 0.53 c x 1.0295, SSS $0.25) = 211.20 pre-tax; HST 13% on that, Ontario Electricity Rebate 23.5% of that. Tiered plan ~same (+1.3 $). RPP reset Nov-1-2026 | https://www.oeb.ca/sites/default/files/rpp-price-report-20251017.pdf ; https://www.torontohydro.com/for-home/rates ; https://www.rds.oeb.ca/CMWebDrawer/Record/925317/File/document",utility tariff (public regulatory document; rates are facts),"medium-high confidence; at 1,000 kWh/month, taxes and on-bill rebates included"
CA,CA-PE,0.2347,CAD,2026-08,"Maritime Electric residential, Mar-1-2025 adjusted rates (urban $24.57 / rural $26.92, avg; 17.23 c first 2000 kWh incl. ECAM + EE&C) + Hurricane Fiona adjustment from Aug-1-2026 (IRAC Order UE26-07; +0.606 c/kWh, derived from ME's benchmark bill 199.22 -> 205.28 at 1000 kWh) = 204.11 ex-tax; HST 15%; 10% PEI Energy Rebate ended Jun-30-2026. Proposed Mar-2026 ECAM increase (to 1.949 c) not in effect as of Jul-31-2026; later status unverified | https://www.maritimeelectric.com/media/qiolj0g5/schedule-of-adjusted-rates.pdf ; https://www.maritimeelectric.com/about-us/messages-for-our-customers/hurricane-fiona-restoration-rate-adjustment-notice/ ; https://irac.pe.ca/wp-content/uploads/Order-UE26-07.pdf ; https://www.maritimeelectric.com/about-us/messages-for-our-customers/elimination-of-the-pei-government-energy-rebate/",utility tariff (public regulatory document; rates are facts),"medium confidence; at 1,000 kWh/month, taxes and on-bill rebates included"
CA,CA-QC,0.0974,CAD,2026-04,"Hydro-Quebec Rate D eff. Apr-1-2026: access 46.154 c/day + 7.065 c/kWh (first 40 kWh/day, so all 1000 kWh in block 1; block 2 11.142 c) = 84.69 ex-tax over 30.42 days; GST 5% + QST 9.975% | https://www.hydroquebec.com/data/documents-donnees/pdf/electricity-rates.pdf",utility tariff (public regulatory document; rates are facts),"high confidence; at 1,000 kWh/month, taxes and on-bill rebates included"
CA,CA-SK,0.2064,CAD,2026-02,"SaskPower residential E01/E03 eff. Feb-1-2026: $31.16 + 15.476 c/kWh = 185.92 ex-tax; municipal surcharge blended 6% (10% cities, 5% towns/villages, 0 rural; assumption) + GST 5% on charges (not on surcharge); PST does not apply. Regina-type city 21.4, rural 19.5 | https://www.saskpower.com/-/media/SaskPower/Accounts-and-Services/Rates/Service-Rates/Power-Supply-Rates/Report-Rates-Residential.ashx ; https://www.saskpower.com/accounts/billing/your-power-bill/how-to-read-your-bill/residential",utility tariff (public regulatory document; rates are facts),"medium-high confidence; at 1,000 kWh/month, taxes and on-bill rebates included"
CA,CA-YT,0.2620,CAD,2026-10,"ATCO Electric Yukon residential 1000 kWh/mo: $314 ex-GST from Apr-1-2026 (base $136 + Rider R $20 + YEC Rider J $136 + J1 $22, rebates ended) + Rider F 1.0 c (Oct-1-2026) - expanded Affordability Rate Relief (25% of charges on first 1500 kWh, max $106/mo Oct-Dec 2026; ~$71 at 1000 kWh, estimated pro rata); GST 5%. Without relief (Apr-Sep 2026) ~33.0 | https://www.atcoelectricyukon.com/en-ca/services-rates/understanding-rates/rate-updates.html ; https://yukon-news.com/2026/04/15/the-government-is-releasing-the-details-of-its-new-electricity-relief-program/",utility tariff (public regulatory document; no open licence; facts only),"low confidence; at 1,000 kWh/month, taxes and on-bill rebates included"
CC,,0.42,AUD,2026-07,WA A1 representative household (assumed to apply) | https://www.ourstatebudget.wa.gov.au/2026-27/budget-papers/bp3/2026-27-wa-state-budget-bp3.pdf,WA Treasury budget paper (rates are facts),low confidence; at 414 kWh/month; Assumes WA A1
CD,,0.0391,USD,2024-12,"energy only (Résidentiel 1, 4th adjustment block tariff); TVA not included (unverified) | https://www.snel.cd/",utility/regulator tariff (public regulatory document; rates are facts),"low confidence; at 200 kWh/month; SNEL BT 'Résidentiel 1' grid, 4th semi-annual adjustment (reference average 0.039 USD/kWh, confirmed as the rate residential customers pay by infos27.cd, Dec 2024): 100 x 0.0388 + 100 x 0.0394 = 7.82 USD / 200 kWh. Tariff denominated in USD, paid in CDF at the day's rate. Unmetered households pay a forfait of 2.65 USD per 100 kWh (0.0265/kWh). No published separate prepaid tariff found. TVA (16% standard) treatment of domestic bills unverified. National SNEL grid only; eastern private operators not priced."
CF,,83.0,XAF,2017-12,average effective ENERCA tariff across all customers (not residential-specific); taxes unclear | https://documents1.worldbank.org/curated/en/824551653593686389/pdf/Central-African-Republic-First-Phase-of-the-Electricity-Sector-Strengthening-and-Access-Project.pdf,World Bank document (CC BY 3.0 IGO),"low confidence; at 200 kWh/month; World Bank CAR Emergency Electricity Supply and Access Project PAD (2019) financial model: ENERCA average tariff 83 XAF/kWh (US$0.14, 2017). Restated as 'Average Tariff US$14 cents/kWh' against a supply cost of US$0.20 in the 2022 PARSE PAD (https://documents1.worldbank.org/curated/en/824551653593686389/pdf/Central-African-Republic-First-Phase-of-the-Electricity-Sector-Strengthening-and-Access-Project.pdf), which also notes many flat-rate customers. No ENERCA residential schedule found again in Oct 2026 (enerca-rca.com dead, no ARSEC publication, no press grid)"
CG,,67.94,XAF,1994-01,"droit à la consommation (fixed) + energy (T3, 3 kW monophasé) + 18% TVA; surtaxes not included | https://liziba.cg/facteur-de-production-electricite/",utility tariff republished by government investment portal (public regulatory document; rates are facts),"low confidence; at 300 kWh/month; E2C BT tariff table (1994 decree grid, 'hors taxes hors surtaxes'): T3 = 2550 FCFA + 49.08 FCFA/kWh -> 17274 FCFA HT at 300 kWh; +18% TVA (rate seen on an E2C bill) = 20383 FCFA. A tariff increase was announced Feb 2023 (IMF programme) but no new grid could be found; surtaxes and whether TVA applies to domestic consumption unverified. T4 (5 kW) gives 63.96."
CH,,0.2994,CHF,2026-01,ElCom 2026 median tariff H4 27.7 Rp/kWh excl. VAT + 8.1% VAT,"opendata.swiss ElCom: open use, source must be provided",https://www.strompreis.elcom.admin.ch
CI,,94.64,XOF,2024-01,CIE Domestique General 10A (2.2 kVA) energy blocks + prime fixe + 18% TVA + rural electrification fee + RTI fee + Abidjan household-waste tax | https://www.cie.ci/particuliers/tarifs-electricite,utility/regulator tariff (public regulatory document; rates are facts),"medium confidence; at 300 kWh/month; Bimonthly billing: 600 kWh/bimester. Block 1 (<=180 h x 2.2 kVA = 396 kWh) at 73.66 HT, rest at 63.84 HT; prime fixe 1371.22/kVA/bimester; TVA 18% on energy + prime; REF 100/bimester + 1.06/kWh; RTI 2/kWh; TEOM Abidjan 2.50/kWh (other communes 1.00 -> 93.14). Tariffs per Arrete interministeriel 1355 of 27 Dec 2023 (effective date assumed Jan 2024). Social 5A tariff (<=200 kWh/bimester) at 75 kWh/month: ~57 XOF/kWh."
CK,,0.83,NZD,2026-03,Te Aponga Uira blocks + VAT 15% | https://teaponga.com/tau-removes-temporary-fuel-surcharge/,utility/regulator tariff (public regulatory document; rates are facts),medium confidence; at 300 kWh/month; Rarotonga
CL,,242.1,CLP,2026-09,CGE BT1 all charges incl. IVA 19% | https://www.cge.cl/wp-content/uploads/2026/09/Tarifas-de-Suministro-Electrico-vigentes-a-partir-del-1-de-septiembre-2026.pdf,utility/regulator tariff (public regulatory document; rates are facts),medium confidence; at 180 kWh/month; Puente Alto (Santiago region); Enel not reachable
CM,,81.53,XAF,2012-06,block energy charges (no fixed charge) + 19.25% TVA on whole consumption (household above 220 kWh) | https://arsel-cm.org/tarifs-basse-tension/,utility/regulator tariff (public regulatory document; rates are facts),"medium confidence; at 300 kWh/month; ARSEL decision 0096 (June 2012, unchanged; prepaid harmonised to it from Nov 2024): 110 x 50 + 190 x 79 = 20510 FCFA; Finance Law 2019 art. 128: households <=220 kWh/month VAT-exempt, above that the whole consumption is taxed at 19.25% (Eneo) -> 24458 FCFA / 300 kWh. ~80% of Eneo customers stay <=220 kWh: at 200 kWh the price is 63.05 FCFA/kWh (no VAT)."
CN,,0.55,CNY,2026-10,energy (provincial tiered tariffs are VAT-inclusive; no fixed charge) | https://english.beijing.gov.cn/livinginbeijing/housing/202005/t20200513_1895841.html,utility/regulator tariff (public regulatory document; rates are facts),"low confidence; at 300 kWh/month; judgement inside the band of populous provinces (Beijing 0.498 at 300 kWh verified, Shanghai ~0.62 tier 1); no official national average fetched; see Zone candidates"
CO,,863.61,COP,2026-08,Enel Bogota estrato 4 unit cost; residential VAT-exempt | https://www.opscolombia.com/tarifas-energia/enel-codensa,third-party transcription of utility tariff (rates are facts),medium confidence; at 300 kWh/month; Cross-checked with EPM 801.33 / 958.38
CR,,82.04,CRC,2026-01,CNFL T-RE blocks (incl. 0-30 kWh fixed) + public lighting 3.02/kWh + Bomberos 1.75% + IVA 13% (applies because >280 kWh) | https://www.cnfl.go.cr/contenido/documentos/direccion_comercializacion/tarifas_vigentes_cnfl_09-09-2026.pdf,utility/regulator tariff (public regulatory document; rates are facts),"medium confidence; at 300 kWh/month; CNFL (San Jose metro), ARESEP tariffs from 1 Jan 2026 (still current per CNFL page updated 9 Sep 2026). 300 kWh is brief default; at 200 kWh no IVA -> 62.20 CRC/kWh. IVA 280 kWh threshold from Ley 9635 (not fetched). ICE serves the rest of the country (not priced)."
CU,,1.44,CUP,2024-03,energy (18-block progressive residential tariff); no fixed charge or tax on bill | https://www.gacetaoficial.gob.cu/sites/default/files/goc-2024-ex10_0.pdf,utility/regulator tariff (public regulatory document; rates are facts),"medium confidence; at 300 kWh/month; Council of Ministers Acuerdo 9810/2024 (GOC-2024-146-EX10), in force 2024-03-01, listed as current on unionelectrica.cu/marco-regulatorio. At 200 kWh: 0.79 CUP/kWh. No later change found but not confirmed for Oct 2026. Not cost-reflective; supply heavily rationed by blackouts."
CV,,30.67,CVE,2026-01,two-block domestic energy charge incl. IVA 8%; no fixed charge published | https://www.arme.cv/index.php?option=com_content&view=article&id=1306:arme-atualiza-tarifas-de-eletricidade-para-edec-e-aeb-em-2026&catid=79&Itemid=878,utility/regulator tariff (public regulatory document; rates are facts),"medium confidence; at 300 kWh/month; ARME Deliberacao 74/CA/2025, EDEC BT Domestica from 2026-01-01: <=60 kWh 24.55, >60 kWh 32.20 CVE/kWh incl. IVA. Treated as progressive blocks; if the band applies to all kWh the figure is 32.20. ARME lists a 'BO 01/09/2026 - Eletricidade' document that could not be opened (site unreachable). Boa Vista (AEB) is about 20% dearer: 29.92/37.57."
CW,,0.7133,XCG,2026-10,Aqualectra domestic incremental blocks incl. monthly fuel component: 250 kWh x 0.6956 + 50 kWh x 0.8019 (basic + fuel 0.3827); no fixed charge in published tariff/calculator | https://www.aqualectra.com/rates/,utility/regulator tariff (public regulatory document; rates are facts),medium confidence; at 300 kWh/month; Fuel component reset monthly; tariffs valid as of 1 Oct 2026. Whether OB (sales tax) is inside published tariffs not confirmed; prepaid uses same tariffs with no fixed charge
CX,,0.42,AUD,2026-07,WA A1 representative household (assumed to apply) | https://www.ourstatebudget.wa.gov.au/2026-27/budget-papers/bp3/2026-27-wa-state-budget-bp3.pdf,WA Treasury budget paper (rates are facts),low confidence; at 414 kWh/month; Assumes WA A1
CY,,0.2774,EUR,2025-12,Eurostat nrg_pc_204 2025-S2 band DC all taxes,"Eurostat: reuse authorised, source acknowledged",
CZ,,7.845,CZK,2025-12,Eurostat nrg_pc_204 2025-S2 band DC all taxes,"Eurostat: reuse authorised, source acknowledged",
DE,,0.3869,EUR,2025-12,Eurostat nrg_pc_204 2025-S2 band DC all taxes,"Eurostat: reuse authorised, source acknowledged",
DJ,,44.76,DJF,2012-02,"Tarif social 2 (code 15, 3 kVA) energy 40 FD/kWh first 200 kWh + prime fixe 951 FD/month; no separate VAT identified on the arrêté rates | http://admin.theiguides.org/Media/Documents/Tarif%20EDD.pdf",utility/regulator tariff (public regulatory document; rates are facts),"medium confidence; at 200 kWh/month; EDD tariff arrêté of 6 Feb 2012: Social 1 (1 kVA) 27 FD first 200 kWh + 544 FD/month -> 29.72 FD/kWh; Social 2 (3 kVA, chosen as typical) 200x40+951=8,951 -> 44.76; Domestique (>=6 kVA) 55/58 FD + 1,069 FD/month. edd.dj unreachable at research time; rates are the latest full published grid and match EDD's current tariff-code system"
DK,,2.4728,DKK,2025-12,Eurostat nrg_pc_204 2025-S2 band DC all taxes,"Eurostat: reuse authorised, source acknowledged",Predates the 2026 elafgift cut (about -0.92 DKK incl. VAT); only used if DK has no live data at all
DM,,1.07,XCD,2026-10,"new IRC tariff from 1 Oct 2026: domestic >150 kWh on TOU (peak 0.6954 / off-peak 0.6354, 63/37 split assumed) + customer charge EC$5 + fuel+geothermal charge 0.33/kWh (July 2026 surcharge) + VAT 15% on energy above 150 kWh and customer charge (fuel exempt) | https://www.ircdominica.org/download/proposed-rates/",utility/regulator tariff (public regulatory document; rates are facts),"medium confidence; at 300 kWh/month; Rates are IRC's proposed DOMLEC tariff (Apr 2026 consultation); IRC announced the tariff approved and effective 1 Oct 2026 but the final schedule was not found, assumed same. Fuel charge month: July 2026 (0.33, dominicagazette.com) - Aug/Sep values not found. Old tariff at 300 kWh gives ~1.04."
DO,,7.33,DOP,2026-09,fixed charge (>100 kWh) + block energy charges; BTS-1 residential; ITBIS not charged on residential electricity (not verified); municipal public-lighting fee not included | https://www.edesur.com.do//media/25qjllpm/tarifa-septiembre-2026.xlsx,utility/regulator tariff (public regulatory document; rates are facts),high confidence; at 300 kWh/month; SIE-set BTS-1 as published by Edesur for Sep 2026 (Oct 2026 not yet published). Heavily subsidised by the state. Same national tariff for Edesur/Edenorte/Edeeste.
DZ,,4.87,DZD,2016-01,"energy (tariff 54M, 4 quarterly blocks), PMD charge 6 kW, TVA 9%, taxe d'habitation 75 DA/quarter | https://creg.gov.dz/wp-content/uploads/2021/11/Tarif-BT-BP-FR.pdf",utility/regulator tariff (public regulatory document; rates are facts),"medium confidence; at 300 kWh/month; CREG decision D/22-15/CD, HT tariffs unchanged since 2016-01 and still on CREG's current tariff page (2025-11 tables). Billed quarterly; 900 kWh/quarter. TVA rate on households not confirmed from an official page this round: 9% on everything assumed; if 19% applies above 250 kWh/quarter the figure is 5.22. Excludes RTA radio-TV fixed fee and stamp duty (amounts unverified)."
EC,,0.0945,USD,2026-01,EEQ Quito blocks + commercialisation charge; IVA 0% | https://www.cnelep.gob.ec/wp-content/uploads/2026/01/Resoluci%C3%B3n-Nro.-ARCONEL-029-2025-y-anexos-cert-signed.pdf,utility/regulator tariff (public regulatory document; rates are facts),medium confidence; at 300 kWh/month; ARCONEL 2026 schedule
EE,,0.2303,EUR,2025-12,Eurostat nrg_pc_204 2025-S2 band DC all taxes,"Eurostat: reuse authorised, source acknowledged",
EG,,1.19,EGP,2026-04,"energy (progressive blocks for 101-650 kWh customers), customer service fee 11 EGP/month | https://egyptera.org/en/TarrifApril2026.aspx",utility/regulator tariff (public regulatory document; rates are facts),"high confidence; at 300 kWh/month; EgyptERA tariff in force from April 2026 consumption; residential blocks up to 650 kWh unchanged from Aug 2024, >1000 kWh tier raised to 258 pt. ERA lists no VAT and exempts residential from the consumption stamp; municipal cleaning fee sometimes collected on bills is excluded (varies by governorate). 300 kWh is the BRIEF default (no sourced typical use)."
EH,,0.9,MAD,2026-06,"energy at ONEE social block (0-100 kWh), VAT included | https://www.one.org.ma/FR/pages/interne.asp?esp=1&id1=3&id2=113&t2=1",utility/regulator tariff (public regulatory document; rates are facts),"low confidence; at 100 kWh/month; Moroccan-administered part (Laayoune, Dakhla etc.) is supplied by ONEE at the national Moroccan tariff; same arithmetic as MA. Territory status is disputed (UN non-self-governing territory). Not verified whether the long-standing tax exemptions in the southern provinces remove VAT from local bills; meter rental excluded."
ER,,2.55,ERN,2023-01,"average consumption tariff across EEC customer classes (not a residential schedule); below cost, state-set | https://www.afdb.org/sites/default/files/documents/projects-and-operations/eritrea_-_dekemhare_30_mw_solar_pv_project_-_project_appraisal_report.pdf",African Development Bank project appraisal report (publicly posted),"low confidence; AfDB Dekemhare 30 MW Solar PV PAR: average consumption tariff ERN 2.550/kWh (~US cents 17/kWh at the official 15 ERN/USD rate); production cost ~20 UScents/kWh, tariff below cost and not expected to change. No EEC residential block schedule is published anywhere findable; Climatescope reports prices unchanged since 2023"
ES,,0.2669,EUR,2025-12,Eurostat nrg_pc_204 2025-S2 band DC all taxes,"Eurostat: reuse authorised, source acknowledged",
ET,,2.22,ETB,2025-04,residential blocks + prepaid service charge 4.18 birr + 15% VAT + 0.5% regulatory fee + 10 birr TV licence levy | https://ethiodiasporahub.com/ethiopia-to-increase-electricity-tariffs-starting-april/,news report of the EEU quarterly tariff schedule (rates are facts),"low confidence; at 200 kWh/month; Apr-Jun 2025 quarter of the 2024-2028 16-step reform: 0-50 kWh 0.60, 51-100 1.49, 101-200 2.67 birr/kWh. 200 kWh: 30+74.5+267=371.50 +4.18 svc =375.68; x1.155 VAT+reg =433.91; +10 TV =443.91 -> 2.2196 birr/kWh. Quarterly increments of ~11-12% continued (Oct-Dec 2025 published ends: 0.7571 for <=50, 5.0990 for >500 per capitalethiopia.com 2025-10-19); the Oct 2026 bill is likely ~40-60% above this figure (~3.2-3.5 birr/kWh) but the current full band table is not published"
FI,,0.2254,EUR,2025-12,Eurostat nrg_pc_204 2025-S2 band DC all taxes,"Eurostat: reuse authorised, source acknowledged",
FJ,,0.4491,FJD,2026-05,energy 34.01 c + fuel surcharge 5.91 c + VAT 12.5% | https://efl.com.fj/your-home/accounts-and-billing/calculating-your-bill/,utility/regulator tariff (public regulatory document; rates are facts),medium confidence; at 200 kWh/month
FK,,0.35,FKP,2026-10,flat unit price; no VAT | https://thinkfalklands.com/living-working/living-here/utilities-internet-mobile-networks/,government-affiliated information page (rates are facts),low confidence; at 300 kWh/month; Undated; last confirmed 39p (2022)
FM,,0.5459,USD,2026-07,"Chuuk PUC flat residential, no fixed charge | https://www.cpuc.fm/cpucs-current-tariffs-and-tariff-change-process",utility/regulator tariff (public regulatory document; rates are facts),medium confidence; at 200 kWh/month; Chuuk only; Yap 0.64
FO,,2.56,DKK,2026-01,energy + 25% VAT; fixed charge 850 DKK/yr spread; single national utility (SEV) | https://www.sev.fo/um-okkum/toel-treytir-og-fragreidingar/prisir,utility/regulator tariff (public regulatory document; rates are facts),"high confidence; at 300 kWh/month; SEV standard residential (0-10,000 kWh/yr): 2.325 DKK/kWh incl VAT + 850 kr/yr fixed incl VAT. 300x2.325=697.50 + 70.83 = 768.33 -> 2.561 DKK/kWh. Faroese krona = DKK 1:1"
FR,,0.2561,EUR,2025-12,Eurostat nrg_pc_204 2025-S2 band DC all taxes,"Eurostat: reuse authorised, source acknowledged",
GA,,122.96,XAF,2020-01,"energy (BT 3 kW, no fixed charge) + CSE 5.93 F/kWh + 5% TVA; taxe forfaitaire d'habitation (2026, billed separately) excluded | https://www.seeg-gabon.com/med/trf/Presentation_des_tarifs_1582277618493.pdf",utility/regulator tariff (public regulatory document; rates are facts),"medium confidence; at 300 kWh/month; SEEG BT tariff valid from 01/01/2020, still the grid published on seeg-gabon.com/relation_client/tarifs: 3 kW = 111.18 HT + 5.93 CSE, TVA 5% -> 122.96 F/kWh TTC (flat per kWh, so independent of consumption). 6 kW = 136.86 TTC (TVA 10% + CSS 1%); social S1 55.02 (<=120 kWh), S2 88.91 (<=240 kWh). From Jan 2026 SEEG collects a housing tax (TFH) by subscribed power, on a separate invoice; amounts not published."
GB,,0.3373,GBP,2026-10,"Ofgem price cap 2026-10-01..12-31: 26.32 p/kWh + 54.83 p/day at 2700 kWh/year, VAT 0% from 2026-10-01",Open Government Licence v3.0 (Ofgem),https://www.ofgem.gov.uk/news/changes-energy-price-cap-between-1-october-and-31-december-2026
GD,,1.38,XCD,2026-09,"non-fuel 0.4057/kWh + fuel charge 0.7388/kWh + FAC 0.1949/kWh (applied to prior-period usage, steady use assumed) + RE charge 0.003588/kWh + environmental levy EC$10 (>150 kWh); VAT on non-fuel zero-rated 1 Aug-31 Dec 2026 (normally 7.5% above 99 kWh) | https://grenlec.com/customers/ratesandfees/",utility/regulator tariff (public regulatory document; rates are facts),high confidence; at 300 kWh/month; Grenlec rates effective 9 Sep 2026 (PURC interim tariff). EC$50 government credit only for 1-200 kWh users (not at 300). With normal 7.5% VAT: 1.40. Same tariff on Carriacou/Petite Martinique.
GE,,0.2307,GEL,2025-12,Eurostat nrg_pc_204 2025-S2 band DC all taxes,"Eurostat: reuse authorised, source acknowledged",
GF,,0.2426,EUR,2026-08,"EDF Tarif Bleu Base 6 kVA, all taxes; no VAT in Guyane | https://www.edf.gf/sites/sei_gf/files/2026-08/Tarif_Bleu_residentiel_TTC_Guyane_01082026.pdf",utility/regulator tariff (public regulatory document; rates are facts),high confidence; at 300 kWh/month
GG,,0.36,GBP,2026-07,all units + quarterly standing charge; no VAT/GST in Guernsey | https://www.electricity.gg/about/news-blog/2026/tariff-changes-from-1st-july-2026/,utility/regulator tariff (public regulatory document; rates are facts),high confidence; at 300 kWh/month; Guernsey Electricity Standard tariff from 2026-07-01: 26.01p/unit + GBP 89.35/quarter standing (29.78/mo). (78.03+29.78)/300 = 35.9p/kWh. Tariff sheet also at gov.gg (id=200945)
GH,,2.1752,GHS,2026-10,energy block 0-300 kWh + 'other residential' service charge + 3% public lighting levy + 2% national electrification levy; VAT/NHIL/GETFund on residential suspended | https://www.purc.com.gh/attachment/67864-20261001121001.pdf,utility/regulator tariff (public regulatory document; rates are facts),high confidence; at 300 kWh/month; PURC Q4-2026 publication (22 Sep 2026): Q3 rates kept from 1 Oct 2026 (0% change). 300 x 203.7509 GHp + 1073.09 GHp service + 5% levies on energy = GHS 652.55 / 300. 15% VAT on non-lifeline residential suspended since Feb 2024.
GI,,0.21,GBP,2026-08,unit rate + flexible cost adjustment + standing charge (assumed monthly) + GBP 1/week meter levy; no VAT in Gibraltar | https://www.gea.gi/customer-support/electricity-tariffs-and-charges,utility/regulator tariff (public regulatory document; rates are facts),"medium confidence; at 300 kWh/month; GEA Tariff No.3 Domestic from Aug 2026: 11.9p/unit + 5.8p FCA = 17.7p, no blocks. (53.10+5.80+4.33)/300 = 21.1p/kWh. Standing-charge periodicity not stated on the page; assumed monthly (if quarterly, 19.8p). Gibraltar pound = GBP 1:1"
GL,,2.0833,DKK,2026-01,"Nukissiorfiit uniform el tariff DKK 2.00/kWh (kundegruppe 1, all localities) + meter subscription DKK 25/mo; no VAT in Greenland | https://nukissiorfiit.gl/wp-content/uploads/2025/12/DK-Bilag-a-Prisblad-nr.-39-01.01.2026-.pdf",utility/regulator tariff (public regulatory document; rates are facts),"high confidence; at 300 kWh/month; Prices set by Naalakkersuisut, identical nationwide (prisblad nr. 39 from 1 Jan 2026, still current Oct 2026)"
GM,,13.85,GMD,2023-04,energy (prepaid domestic flat rate; same as credit 0-300 kWh block); no fixed charge; domestic use <1000 kWh/month VAT-exempt | https://pura.gm/economic-regulations/tariff/electricity-tariff/,utility/regulator tariff (public regulatory document; rates are facts),"medium confidence; at 200 kWh/month; PURA 2023 determined rates, effective 10 Apr 2023 (The Point); government paid NAWEC US$20M in Nov 2024 to avoid a further increase. 200x13.85 = 2770 GMD. VAT exemption per GRA VAT brochure (undated; prepaid treatment not explicit). No lifeline tariff found."
GN,,387.0,GNF,2021-09,"energy only (prepaid domestic monophasé <=3.3 kVA flat rate); TVA/other taxes not verified, not included | https://edg.com.gn/service/comprendre-ma-facture/",utility/regulator tariff (public regulatory document; rates are facts),"medium confidence; at 300 kWh/month; EDG Tarifs DCO of 3 Sep 2021 (image on the page): prepaid 387 GNF/kWh (1.1-3.3 kVA), 453 (4.4-9.9 kVA). Postpaid 107/387/453 + 10000 prime, billed at the tier reached: 300x387 + 10000 = 420.3/kWh. Minister (Jul 2026): kWh billed ~400 GNF, unchanged. With 18% TVA (unverified) prepaid would be 456.7."
GP,,0.2377,EUR,2026-08,"TRVE Tarif Bleu Base 6 kVA TTC: subscription EUR 175.56/yr spread + 18.89 c/kWh; incl. CTA, accise 3.062 c/kWh, octroi de mer regional 1.5%, TVA 8.5% | https://www.edf.gp/sites/sei_gp/files/2026-08/Tarif_Bleu_residentiel_TTC_Guadeloupe_01082026.pdf",utility/regulator tariff (public regulatory document; rates are facts),high confidence; at 300 kWh/month; Same HT level as mainland (CRE: ZNI residential TRVE at mainland HT level); valid 1 Aug 2026
GQ,,60.0,XAF,2016-01,SEGESA low-tension block energy charge (hydro-supplied Malabo/Bata grid); no fixed charge listed; tax treatment unclear | https://www.guineainfomarket.com/economia/2016/01/01/tarifas-de-electricidad/,tariff table per Ley No 3/2002 as republished (rates are facts),"low confidence; at 200 kWh/month; Ley 3/2002 grid still applied per 2024-2025 press (new tariff law adopted by parliament but not yet implemented). Hydro grid: 1-250 kWh 60 XAF/kWh -> 200x60=12,000 -> 60 XAF/kWh. Diesel-supplied grid: 1-150 at 60 + 151-250 at 90 -> 67.5 XAF/kWh at 200. Press also reports a social flat rate of 1,500 XAF/month for <=250 kWh for some customers"
GR,,0.2381,EUR,2025-12,Eurostat nrg_pc_204 2025-S2 band DC all taxes,"Eurostat: reuse authorised, source acknowledged",
GT,,1.59,GTQ,2026-08,CNEE tarifa social EEGSA (Q1.42/kWh) + IVA 12%; excludes municipal alumbrado publico tax | https://cnee.gob.gt/wp-content/uploads/2026/07/Comunicado-CNEE-tarifas-trimestrales-agosto-a-octubre.pdf,utility/regulator tariff (public regulatory document; rates are facts),"medium confidence; at 200 kWh/month; EEGSA (Guatemala City area) tarifa social, valid 1 Aug-31 Oct 2026; flat per-kWh so consumption only matters at <=100 kWh (INDE aporte) and >300 kWh (tarifa no social Q1.51). Unclear whether the CNEE headline figure folds in the small fixed charge. DEOCSA/DEORSA (rest of country) Q2.03/Q1.98."
GU,,0.4101,USD,2026-10,GPA Schedule R + LEAC + charges | https://www.guampowerauthority.com/leac,utility/regulator tariff (public regulatory document; rates are facts),high confidence; at 1000 kWh/month; 0.4498 at 300 kWh
GW,,141.0,XOF,2019-02,"energy only (domestic blocks, progressive assumed); fixed charges and IVA unknown, not included | https://www.latribune.fr/economie/strategies/2019-02-07/guinee-bissau-annonce-d-une-prochaine-baisse-de-50-du-cout-de-l-electricite-806607.html",press report of government-stated tariff (rates are facts),"low confidence; at 200 kWh/month; EAGB blocks per energy minister (Feb 2019): 0-50 81, 51-200 161, >200 322 XOF/kWh; 50x81 + 150x161 = 28200 / 200 kWh. Announced 50% cut never confirmed. World Bank ICR P148797 (Feb 2025) cites an 'outdated' tariff of CFAF 231/kWh (likely all-customer average). No EAGB/regulator document found; IVA introduced Jan 2025, application to electricity unknown."
GY,,44.6,GYD,2021-04,GPL Tariff A: fixed G$351.04 + G$43.43/kWh; VAT zero-rated | https://gplinc.com/bill/rates-and-tariffs/,utility/regulator tariff (public regulatory document; rates are facts),medium confidence; at 300 kWh/month; Rates from 2021 still current
HK,,1.43,HKD,2026-08,"energy blocks + fuel cost adjustment (45.0 c, Aug 2026); no sales tax; special 8 c fuel rebate (Aug-Oct 2026, eligible customers) not applied | https://www.clp.com.hk/content/dam/clphk/documents/tariff-adjustment-2026/Tariff%20Table%20-%20English_Update.pdf",utility/regulator tariff (public regulatory document; rates are facts),"medium confidence; at 275 kWh/month; CLP (~80% of customers) 2026 residential tariff, 550 kWh bimonthly: (400x94.5 + 150x107.9 + 550x45.0) c = HK$787.35; HK Electric 275 kWh Jan 2026 = HK$352.1 = 1.28"
HN,,6.432,HNL,2026-10,"CREE ENEE residential: fixed HNL 59.74 + 50 kWh @5.0031 + rest @6.5102; no tax applied (residential below ISV threshold, unverified) | https://www.cree.gob.hn/tarifas-vigentes-enee/",utility/regulator tariff (public regulatory document; rates are facts),medium confidence; at 200 kWh/month; Tariff from CREE structure for billing from Oct 2026 (high confidence). Government subsidy for low-consumption households (<=150 kWh) not applied at 200 kWh; programme details unverified.
HR,,0.1658,EUR,2025-12,Eurostat nrg_pc_204 2025-S2 band DC all taxes,"Eurostat: reuse authorised, source acknowledged",
HT,,22.3,HTG,2023-04,energy (flat residential rate); 2009-era 150 HTG/month subscription fee unverified for 2023+; TCA (10%) treatment unknown | https://www.trade.gov/country-commercial-guides/haiti-energy,"US Country Commercial Guide (US government work, public domain)",medium confidence; at 200 kWh/month; EDH revision 9.57 -> 15.93 (Jan 2023) -> 22.30 HTG/kWh (bills from Apr 2023); no later change found through 2026-10; edh.ht is dead; grid supply in Port-au-Prince near zero to a few hours/day since the 2025 Peligre outage
HU,,42.3146,HUF,2025-12,Eurostat nrg_pc_204 2025-S2 band DC all taxes,"Eurostat: reuse authorised, source acknowledged",
ID,,1517.0,IDR,2026-07,"flat energy rate (R-1 1,300 VA non-subsidised Rp1,444.70) + PPJ street-lighting tax assumed 5%; no VAT up to 6,600 VA; no standing charge | https://money.kompas.com/read/2026/10/01/134318126/tarif-listrik-per-kwh-oktober-2026-cek-daftar-harga-semua-golongan",utility/regulator tariff (public regulatory document; rates are facts),"medium confidence; at 200 kWh/month; Q3 2026 rates carried into October; PPJ set by regency (max 10%) gives 1,479-1,589; 900 VA subsidised households pay Rp605"
IE,,0.4042,EUR,2025-12,Eurostat nrg_pc_204 2025-S2 band DC all taxes,"Eurostat: reuse authorised, source acknowledged",
IL,,0.754,ILS,2026-07,energy 53.83 ag/kWh + capacity 6.18 ILS/kVA/yr + consumer-service fixed charges + 18% VAT | https://www.gov.il/BlobFolder/generalpage/tarriffbook/he/sefer_tariff_07_2026.pdf,utility/regulator tariff (public regulatory document; rates are facts),medium confidence; at 300 kWh/month; Electricity Authority tariff book July 2026 (read via web.archive.org snapshot 20260930145858); single-phase meter; 0.70 if service charges are per bi-monthly bill; Eilat VAT 0%
IM,,0.32,GBP,2026-04,all units + daily standing charge; domestic electricity VAT-zero-rated on IoM | https://www.manxradio.com/news/isle-of-man-news/electricity-prices-to-increase-1-5-in-april/,utility tariff reported by local press citing Manx Utilities announcement (manxutilities.im blocks fetches),high confidence; at 300 kWh/month; Manx Utilities domestic from 2026-04-01: 29.5p/kWh + 25.5p/day. (88.50+7.76)/300 = 32.1p/kWh. Cross-checked against IoM gov Smart Island data (29.1p + 25.1p/day as of 2025-04; +1.5% matches exactly). Manx pound = GBP 1:1
IN,,3.06,INR,2026-03,"energy + fixed charges + electricity duty, state on-bill subsidies (free-unit schemes) applied; household-connection-weighted across states/UTs; monthly fuel/power-purchase surcharges excluded | https://cea.nic.in/wp-content/uploads/fs___a/2026/08/Book_2026-1.pdf",Government of India (CEA) publication; tariff rates are facts,"medium confidence; at 100 kWh/month; CEA 'Electricity Tariff & Duty and Average Rates of Electricity Supply in India' Mar 2026, Table 1(a) at 100 kWh; 100 kWh ~ all-India average 109 kWh/connection (CEA General Review 2025); before state subsidies 5.78 INR/kWh; plausible range 3.0-3.6"
IQ,IQ-FED,10.00,IQD,2025-07,Ministry of Electricity residential block 1-1500 kWh at 10 IQD; no fixed charge or VAT found | https://web.archive.org/web/20250709013453/https://moelc.gov.iq/?calculation,utility/regulator tariff (public regulatory document; rates are facts),"high confidence; at 300 kWh/month (any use to 1,500 gives 10); grid only: most households also pay neighbourhood generators (~20,000 IQD per amp per month), not included; unconfirmed 3,000 IQD/bill fee excluded"
IQ,IQ-KR,82.74,IQD,2025-05,"Runaki household blocks 72 IQD (0-400 kWh), 108 (401-800); at 570 kWh/month: 400x72 + 170x108 = 28,800 + 18,360 = 47,160 IQD / 570 = 82.74; no fixed charge or VAT found | https://en.964media.com/35966/ | https://en.964media.com/45190/ | https://runaki.gov.krd/en/",utility/regulator tariff (public regulatory document; rates are facts),"medium confidence; at 570 kWh/month (Feb 2026 median Runaki bill: <853 kWh over a ~45-day cycle = ~570/month, KRG MoE); 72 at 400 kWh or less; Runaki 24-hour supply covers >90% of the region; temporary e-payment discounts excluded"
IR,,2200.0,IRR,2026-04,"energy (sub-pattern blocks) + 10% electricity levy + 10% VAT (VAT uncertain); subscription fee, insurance and fuel-cost lines excluded | https://www.khabaronline.ir/news/2062066",news report of Tavanir tariff (rates are facts),"low confidence; at 200 kWh/month; Normal climate zone, under the 200 kWh pattern (Oct); 1404 rates 139/162 toman/kWh grossed up by up to 40% for 1405 (no official 1405 rial schedule reachable); range 1,800-2,500 IRR"
IS,,26.0,ISK,2026-05,energy (sala) + distribution incl. Landsnet transmission and equalization fee + 24% VAT; small fixed charges folded in via official comparison | https://www.byggdastofnun.is/static/files/Orkukostnadur/2025/orkukostnadur-heimila-arid-2025.pdf,public report by state agency (Byggdastofnun/Orkustofnun); utility price lists are public regulatory documents,"high confidence; at 375 kWh/month; Reykjavik/Veitur area. Components 2026: Orkusalan default 12.97 kr/kWh incl VAT (2026-05) + Veitur distribution 11.52 kr/kWh incl VAT (2026-01, -3.23%/kWh from April) = 24.5 + fixed ~1.5 -> ~26. Byggdastofnun 2025 report: ~117 thous.kr/yr at 4,500 kWh/yr reference use (excl. heating; heating is geothermal/subsidised). Rural RARIK/OV areas 154-173 thous.kr (~1.4x, below 2x)"
IT,,0.2966,EUR,2025-12,Eurostat nrg_pc_204 2025-S2 band DC all taxes,"Eurostat: reuse authorised, source acknowledged",
JE,,0.25,GBP,2026-03,all units + daily service charge; inclusive of 5% GST | https://www.jec.co.uk/for-home/tariffs/general-domestic/,utility/regulator tariff (public regulatory document; rates are facts),high confidence; at 300 kWh/month; Jersey Electricity General Domestic from 2026-03-01: 22.20p/kWh + 24.21p/day single-phase. (66.60+7.37)/300 = 24.7p/kWh. Jersey pound = GBP 1:1
JM,,58.5,JMD,2025-12,customer charge + non-fuel energy + fuel charge + IPP charge + FX adjustment + 7% GCT (as reflected in average bill) | https://our.org.jm/wp-content/uploads/2025/12/Media-Release-JPS-Customers-to-See-Moderate-Bill-Adjustments.pdf,utility/regulator tariff (public regulatory document; rates are facts),"medium confidence; at 165 kWh/month; OUR: average residential customer uses 165 kWh/month; bill ~J$9,000 rising ~J$655 (7%) on Dec 2025 bills -> ~J$9,655/165. Fuel and IPP charges move monthly; post-Hurricane Melissa deferrals being recovered in 2026."
JO,,0.045,JOD,2022-04,subsidised blocks (50 fils 1-300) minus 2 JOD support + meter rent 0.2 JOD + rural fils 1 fil/kWh; fuel clause 0; no VAT | https://www.emrc.gov.jo/ar/Pages/ElectricityBillCalculator,utility/regulator tariff (public regulatory document; rates are facts),high confidence; at 300 kWh/month; Subsidised tariff for Jordanian households (most households); 300 kWh ~ EMRC 2023 average 291 kWh/subscriber; non-subsidised (non-Jordanians) 0.122 JOD/kWh; TV fee 1 JOD and municipal waste fee excluded
JP,,36.8,JPY,2026-10,basic charge + energy + fuel cost adjustment + renewable levy + 10% consumption tax; national subsidy ended after Sep 2026 usage | https://www.tepco.co.jp/ep/private/fuelcost2/new/index-j.html,utility/regulator tariff (public regulatory document; rates are facts),"medium confidence; at 260 kWh/month; TEPCO standard model (Juryo Dento B 30A, 260 kWh) JPY 9,561 for Oct 2026 usage (record high, reported 29 Sep 2026) / 260; ten-utility range 7,970 (Hokuriku) to 10,752 (Okinawa) per month"
KE,,27.49,KES,2026-09,energy charge + fuel cost charge + forex adjustment + 16% VAT + REP levy 5% + EPRA levy + WRA levy; inflation adjustment omitted | https://www.kenyans.co.ke/news/118049-electricity-prices-rise-ksh478-november-after-epra-review,news report of EPRA gazette notices; base tariff unverified,"low confidence; at 300 kWh/month; Domestic >100 kWh category KSh 19.08/kWh applied to all units; FCC 3.00 (Sep 2026, press), forex 0.7541 (Jun 2026, press), WRA 0.0142, EPRA levy 0.03, REP 5% of base, VAT 16% on energy+FCC+forex. EPRA and KPLC sites unreachable; typical Kenyan household uses far less than 300 kWh"
KG,,1.64,KGS,2026-05,energy (flat block <=700 kWh); no fixed charge; VAT/sales-tax status unconfirmed | https://nesk.kg/ru/abonentam/tarif/,utility/regulator tariff (public regulatory document; rates are facts),"medium confidence; at 300 kWh/month; Order No.103 of 2026-04-24: 1.64 som/kWh <=700 kWh, 2.94 above; ~1.87 if 12% VAT + ~2% sales tax are added on top (economist.kg says rates are listed without taxes)"
KH,,610.0,KHR,2026-01,energy rate (51-200 kWh band); no fixed charge found; VAT treatment unverified | https://eac.gov.kh/uploads/tariff_decides/2026/032_សរ_26_Decision_on_consumer_tariff_for_EDC_2026_17_province_20260205074557.pdf,utility/regulator tariff (public regulatory document; rates are facts),"medium confidence; at 200 kWh/month; EAC Decision 032/2026: 1-10 kWh 380, 11-50 480, 51-200 610, >200 730 riel; read as one rate for the whole bill (stepped reading gives 572.5)"
KI,,0.616,AUD,2025-02,PUB domestic band | https://pub.com.ki/revised-tariffs-effective-from-20th-february-2025/,utility/regulator tariff (public regulatory document; rates are facts),medium confidence; at 200 kWh/month
KM,,198.0,KMF,2022-06,"SONELEC flat energy rate, all consumption; raised 132->198 KMF/kWh on 6 June 2022; fixed charges not identified | https://www.imf.org/-/media/files/publications/cr/2024/french/1comfa2024002.pdf","IMF Country Report No 24/5 (© IMF, publicly posted)","medium confidence; at 200 kWh/month; IMF CR 24/5 (Jan 2024): 'Les dernières augmentations des tarifs de l'électricité datent du 6 juin 2022. Ils sont passés de 132 à 198 KMF/KWH', still below SONELEC production cost (~350 KMF/kWh). No later revision found to Oct 2026"
KN,KN-K,0.70,XCD,2026-06,"SKELEC domestic energy 50x0.59 + 100x0.65 + 150x0.68 = 29.50 + 65.00 + 102.00 = 196.50, + demand charge 13.00 (one 15 A unit) = 209.50 / 300 = 0.698; Fuel Variation Charge government-subsidised (credited on bill); no VAT on electricity | https://www.skelec.kn/wp-content/uploads/2024/09/ElectricityTariffStructure-Jan2011-scaled.jpg | https://www.skelec.kn/skelec-bills-will-now-show-the-value-of-the-fuel-variation-charge/ | https://www.winnmediaskn.com/nevis-premier-says-cap-on-fuel-surcharge-to-be-removed-due-to-continued-global-volatility/",utility/regulator tariff (public regulatory document; rates are facts),"medium confidence; at 300 kWh/month; subsidy still in force per Energy Minister Maynard, June 2026 (residential tariff below fuel cost, government covering the difference); tariff dated Jan 2011; a 60 A service (4 demand units) gives 0.83"
KN,KN-N,1.57,XCD,2026-09,"NEVLEC energy 50x0.65 + 75x0.70 + 175x0.75 = 32.50 + 52.50 + 131.25 = 216.25, + standing charge 18.00 (above 250 kWh) + fuel surcharge 300x0.79 = 237.00 = 471.25 / 300 = 1.571; no VAT on electricity | https://www.nevlec.com/residential/your-bill/electricity-rates/ | https://www.nevlec.com/wp-content/uploads/2026/09/UnderstandingYourResidentialBill.png | https://www.nevlec.com/important-notice-to-customers-fuel-surcharge-adjustment-effective-june-2026/",utility/regulator tariff (public regulatory document; rates are facts),"medium confidence; at 300 kWh/month; fuel surcharge reinstated June 2026 (0.69), 0.79 in NEVLEC's Sept 2026 bill guide; it moves monthly"
KR,,192.5,KRW,2026-10,base charge + energy + climate-environment charge + fuel adjustment (+5) + 10% VAT + 2.7% electricity fund | https://cyber.kepco.co.kr/ckepco/front/jsp/CY/E/E/CYEEHP00101.jsp,utility/regulator tariff (public regulatory document; rates are facts),"medium confidence; at 300 kWh/month; low-voltage residential, non-summer: 1,600 + 200x120 + 100x214.6 + 300x9 + 300x5 = 51,260; x1.10 VAT + 2.7% fund = ~57,760 KRW; high-voltage (apartment) ~165"
KW,,0.005,KWD,2017-08,energy only (flat 5 fils; no VAT in Kuwait; no fixed charge found) | https://www.mew.gov.kw/assets/images/Tariff/2.jpg,utility/regulator tariff (public regulatory document; rates are facts),"medium confidence; at 300 kWh/month; Investment-apartment rate: 62% of private households are non-Kuwaiti (register census 2021); private housing and Kuwaitis in investment flats keep the old subsidised rate (2 fils, not confirmed); flat rate so consumption does not matter"
KY,,0.3316,KYD,2026-10,"CUC Rate R: facilities CI$6.96/mo + energy 0.1387/kWh + fuel cost capped at 0.18/kWh (govt Electricity Assistance Programme, actual Oct 2026 rate 0.242491) + renewables 0.00588 + licence/regulatory fee 0.0076 on kWh>1000; fuel duty waived; no VAT | https://www.cuc-cayman.com/fuel-cost",utility/regulator tariff (public regulatory document; rates are facts),"medium confidence; at 1158 kWh/month; 1158 kWh = CUC 2025 average residential. Base rates from CUC 3 Jul 2026 release (URCO-approved, from 1 Jun 2026). Without cap: 0.3941. Cap/duty waiver extended to end-2026 (Cayman Compass 29 Sep 2026)"
KZ,KZ-10,24.29,KZT,2026-08,"tier 2 incl. 16% VAT, no electric stove, as of 2026-08-17 | https://zhkh24.kz/ru/articles/skolko-stoit-svet-v-raznyh-regionah-kazahstana-tarify-dlya-naseleniya-v-2026-godu",utility/regulator tariff (public regulatory document; rates are facts),"medium confidence; tier 2 rate as the price at typical use (~200 kWh/month, flat per kWh, no standing charge)"
KZ,KZ-11,39.13,KZT,2026-08,"tier 2 incl. 16% VAT, no electric stove, as of 2026-08-17 | https://zhkh24.kz/ru/articles/skolko-stoit-svet-v-raznyh-regionah-kazahstana-tarify-dlya-naseleniya-v-2026-godu",utility/regulator tariff (public regulatory document; rates are facts),"medium confidence; tier 2 rate as the price at typical use (~200 kWh/month, flat per kWh, no standing charge)"
KZ,KZ-15,27.76,KZT,2026-08,"tier 2 incl. 16% VAT, no electric stove, as of 2026-08-17 | https://zhkh24.kz/ru/articles/skolko-stoit-svet-v-raznyh-regionah-kazahstana-tarify-dlya-naseleniya-v-2026-godu",utility/regulator tariff (public regulatory document; rates are facts),"medium confidence; tier 2 rate as the price at typical use (~200 kWh/month, flat per kWh, no standing charge)"
KZ,KZ-19,45.51,KZT,2026-09,"AZhK Energosbyt (serves Almaty city and oblast) tier 2 39.23 excl. VAT x 1.16 = 45.51, from 2026-09-12 | https://www.esalmaty.kz/ru/home-tariffs",utility/regulator tariff (public regulatory document; rates are facts),"high confidence; tier 2 rate as the price at typical use (~200 kWh/month, flat per kWh, no standing charge)"
KZ,KZ-23,34.13,KZT,2026-10,"Aug tier 2 31.03 incl. VAT x (new household base 24.52 / old 22.29 excl. VAT, from 2026-10-01) = 31.03 x 1.1000 = 34.13 | https://zhkh24.kz/ru/articles/skolko-stoit-svet-v-raznyh-regionah-kazahstana-tarify-dlya-naseleniya-v-2026-godu | https://digitalbusiness.kz/2026-10-01/chto-podorozhaet-v-kazahstane-s-1-oktyabrya-2026-goda/ | https://www.inform.kz/ru/noviy-tarif-na-elektroenergiyu-utverdili-v-atirauskoy-oblasti-35f83c09",utility/regulator tariff (public regulatory document; rates are facts),"medium confidence; tier 2 rate as the price at typical use (~200 kWh/month, flat per kWh, no standing charge)"
KZ,KZ-27,35.37,KZT,2026-10,"Aug tier 2 33.69 incl. VAT x (household rate 30.49 / 29.04 excl. VAT, from 2026-10-01) = 33.69 x 1.0499 = 35.37 | https://zhkh24.kz/ru/articles/skolko-stoit-svet-v-raznyh-regionah-kazahstana-tarify-dlya-naseleniya-v-2026-godu | https://bes.media/news/v-zko-s-1-oktyabrya-podnimut-tarif-na-elektroenergiyu-dlya-naseleniya/",utility/regulator tariff (public regulatory document; rates are facts),"low confidence; tier 2 rate as the price at typical use (~200 kWh/month, flat per kWh, no standing charge); the Oct household base (30.49) does not reconcile with the Aug tier 2 (33.69 incl. VAT = 29.04 excl.), so the scaling is approximate"
KZ,KZ-31,32.10,KZT,2026-08,"tier 2 incl. 16% VAT, no electric stove, as of 2026-08-17 | https://zhkh24.kz/ru/articles/skolko-stoit-svet-v-raznyh-regionah-kazahstana-tarify-dlya-naseleniya-v-2026-godu",utility/regulator tariff (public regulatory document; rates are facts),"medium confidence; tier 2 rate as the price at typical use (~200 kWh/month, flat per kWh, no standing charge)"
KZ,KZ-33,37.31,KZT,2026-08,"tier 2 incl. 16% VAT, no electric stove, as of 2026-08-17 | https://zhkh24.kz/ru/articles/skolko-stoit-svet-v-raznyh-regionah-kazahstana-tarify-dlya-naseleniya-v-2026-godu",utility/regulator tariff (public regulatory document; rates are facts),"medium confidence; tier 2 rate as the price at typical use (~200 kWh/month, flat per kWh, no standing charge)"
KZ,KZ-35,27.71,KZT,2026-08,"tier 2 incl. 16% VAT, no electric stove, as of 2026-08-17 | https://zhkh24.kz/ru/articles/skolko-stoit-svet-v-raznyh-regionah-kazahstana-tarify-dlya-naseleniya-v-2026-godu",utility/regulator tariff (public regulatory document; rates are facts),"medium confidence; tier 2 rate as the price at typical use (~200 kWh/month, flat per kWh, no standing charge)"
KZ,KZ-39,41.99,KZT,2026-08,"tier 2 incl. 16% VAT, no electric stove, as of 2026-08-17 | https://zhkh24.kz/ru/articles/skolko-stoit-svet-v-raznyh-regionah-kazahstana-tarify-dlya-naseleniya-v-2026-godu",utility/regulator tariff (public regulatory document; rates are facts),"medium confidence; tier 2 rate as the price at typical use (~200 kWh/month, flat per kWh, no standing charge)"
KZ,KZ-43,35.45,KZT,2026-08,"tier 2 incl. 16% VAT, no electric stove, as of 2026-08-17 | https://zhkh24.kz/ru/articles/skolko-stoit-svet-v-raznyh-regionah-kazahstana-tarify-dlya-naseleniya-v-2026-godu",utility/regulator tariff (public regulatory document; rates are facts),"medium confidence; tier 2 rate as the price at typical use (~200 kWh/month, flat per kWh, no standing charge)"
KZ,KZ-47,23.98,KZT,2026-08,"tier 2 incl. 16% VAT, no electric stove, as of 2026-08-17 | https://zhkh24.kz/ru/articles/skolko-stoit-svet-v-raznyh-regionah-kazahstana-tarify-dlya-naseleniya-v-2026-godu",utility/regulator tariff (public regulatory document; rates are facts),"medium confidence; tier 2 rate as the price at typical use (~200 kWh/month, flat per kWh, no standing charge)"
KZ,KZ-55,31.61,KZT,2026-10,"Aug tier 2 30.11 incl. VAT x (household base 22.71 / 21.63 excl. VAT, from 2026-10-01) = 30.11 x 1.0499 = 31.61 | https://zhkh24.kz/ru/articles/skolko-stoit-svet-v-raznyh-regionah-kazahstana-tarify-dlya-naseleniya-v-2026-godu | https://digitalbusiness.kz/2026-10-01/chto-podorozhaet-v-kazahstane-s-1-oktyabrya-2026-goda/",utility/regulator tariff (public regulatory document; rates are facts),"medium confidence; tier 2 rate as the price at typical use (~200 kWh/month, flat per kWh, no standing charge)"
KZ,KZ-59,23.86,KZT,2026-08,"SEVKAZENERGO tier 2 incl. 16% VAT, no electric stove, as of 2026-08-17 | https://zhkh24.kz/ru/articles/skolko-stoit-svet-v-raznyh-regionah-kazahstana-tarify-dlya-naseleniya-v-2026-godu",utility/regulator tariff (public regulatory document; rates are facts),"medium confidence; tier 2 rate as the price at typical use (~200 kWh/month, flat per kWh, no standing charge); a ~15% average rise was requested (qaz-media.kz); not found approved"
KZ,KZ-61,29.88,KZT,2026-08,"tier 2 incl. 16% VAT, no electric stove, as of 2026-08-17 | https://zhkh24.kz/ru/articles/skolko-stoit-svet-v-raznyh-regionah-kazahstana-tarify-dlya-naseleniya-v-2026-godu",utility/regulator tariff (public regulatory document; rates are facts),"medium confidence; tier 2 rate as the price at typical use (~200 kWh/month, flat per kWh, no standing charge)"
KZ,KZ-62,26.22,KZT,2026-08,"tier 2 incl. 16% VAT, no electric stove, as of 2026-08-17 | https://zhkh24.kz/ru/articles/skolko-stoit-svet-v-raznyh-regionah-kazahstana-tarify-dlya-naseleniya-v-2026-godu",utility/regulator tariff (public regulatory document; rates are facts),"medium confidence; tier 2 rate as the price at typical use (~200 kWh/month, flat per kWh, no standing charge)"
KZ,KZ-63,24.29,KZT,2026-08,"tier 2 incl. 16% VAT, no electric stove, as of 2026-08-17 | https://zhkh24.kz/ru/articles/skolko-stoit-svet-v-raznyh-regionah-kazahstana-tarify-dlya-naseleniya-v-2026-godu",utility/regulator tariff (public regulatory document; rates are facts),"medium confidence; tier 2 rate as the price at typical use (~200 kWh/month, flat per kWh, no standing charge)"
KZ,KZ-71,33.74,KZT,2026-07,"Astana-REK tier 2 (70-140 kWh, no electric stove) 33.74 incl. 16% VAT, valid from 2026-07-01; blended at 200 kWh: 70x24.81+70x33.74+60x42.18 = 6629.30 / 200 = 33.15 | https://astrec.kz/abonentam/tarify-dlia-fizicheskih-lits",utility/regulator tariff (public regulatory document; rates are facts),"high confidence; tier 2 rate as the price at typical use (~200 kWh/month, flat per kWh, no standing charge); Astana-REK applied to raise the household limit price ~19% (32.74 to 38.98 excl. VAT) from 2026-10-01; approval not found"
KZ,KZ-75,45.51,KZT,2026-09,"AZhK Energosbyt tier 2 39.23 excl. VAT x 1.16 = 45.51, from 2026-09-12 (unified household rate 37.92) | https://www.esalmaty.kz/ru/home-tariffs | https://vlast.kz/novosti/70802-v-almaty-i-almatinskoj-oblasti-s-12-sentabra-povysatsa-tarify-na-elektroenergiu.html",utility/regulator tariff (public regulatory document; rates are facts),"high confidence; tier 2 rate as the price at typical use (~200 kWh/month, flat per kWh, no standing charge)"
KZ,KZ-79,29.88,KZT,2026-08,"tier 2 incl. 16% VAT, no electric stove, as of 2026-08-17 | https://zhkh24.kz/ru/articles/skolko-stoit-svet-v-raznyh-regionah-kazahstana-tarify-dlya-naseleniya-v-2026-godu",utility/regulator tariff (public regulatory document; rates are facts),"medium confidence; tier 2 rate as the price at typical use (~200 kWh/month, flat per kWh, no standing charge)"
LA,,1178.0,LAK,2026-10,"energy blocks + 10% VAT; small monthly meter-maintenance fee (last known 3,346 LAK in 2015) excluded | https://edl-inside-api.edl.com.la/prices/svc-0d4b0496-a9cb-4bab-913a-3bf577884713.jpg",utility/regulator tariff (public regulatory document; rates are facts),"high confidence; at 200 kWh/month; EDL 2026 monthly-escalating table (official image, copy saved beside this file), Oct column: 25x828 + 125x932 + 50x1,539 = 214,150 x 1.10 VAT = 235,565 LAK / 200; Nov tiers 839/945/1,565 and Dec 850/958/1,590 — rates step up every month"
LB,,0.255,USD,2023-05,"EDL 10 US cents first 100 kWh, 27 cents above + 0.25 USD/A/month (20 A) + 11% VAT | https://www.edl.gov.lb/news.php?nid=429",utility/regulator tariff (public regulatory document; rates are facts),"medium confidence; at 300 kWh/month; Grid (EDL) price; ~22,850 LBP/kWh at BdL 89,500; stamp duty excluded; EDL supplies ~6-8 h/day; private generators ~52,840 LBP (~0.59 USD)/kWh + fixed per-amp fee (MoEW guide Sep 2026)"
LC,,1.25,XCD,2026-10,base tariff 0.812/kWh (1-180 kWh) + 0.862/kWh (181+) + fuel cost adjustment 0.415/kWh (Oct 2026 bills); EC$5 minimum charge not additive; no VAT assumed at 300 kWh | https://www.lucelec.com/content/rates-service-standards,utility/regulator tariff (public regulatory document; rates are facts),"high confidence; at 300 kWh/month; LUCELEC 2026 base tariff (NURC-regulated, adjusted annually). Sep 2026 surcharge was 0.356. VAT on domestic electricity: sample bill shows 0% on 217 kWh; exact threshold not verified."
LI,,0.2856,CHF,2025-12,Eurostat nrg_pc_204 2025-S2 band DC all taxes,"Eurostat: reuse authorised, source acknowledged",
LK,,20.58,LKR,2026-05,energy blocks + monthly fixed charge; no tax line on regulator calculator | https://www.pucsl.gov.lk/wp-content/uploads/2026/05/Annex-2-Approved-Tariff-Tabel_May-2026.pdf,utility/regulator tariff (public regulatory document; rates are facts),"high confidence; at 69 kWh/month; PUCSL tariff eff. 2026-05-11, kept unchanged by July 2026 decision; 69 kWh = CEB Statistical Digest 2025 average per domestic account; CEB 2025 average domestic revenue 24.14 LKR/kWh"
LR,,0.26,USD,2026-01,energy 0.22/kWh + prepaid fixed charge 2.00/month + GST 13% | https://frontpageafricaonline.com/news/liberia-lerc-announces-electricity-tariff-reductions-new-rates-take-effect-january-2026/,utility/regulator tariff (public regulatory document; rates are facts),"medium confidence; at 200 kWh/month; LERC end-user tariff 2026-2028 for LEC, residential prepaid. GST rate 13% from 2026 per MoF (vatupdate); LEC tariff page shows GST added on energy and fixed charge. 200 kWh is the brief default for low-income; LEC also has a social tariff 0.13/kWh for <=25 kWh/month. Postpaid (fixed 3.79) gives 0.27."
LS,,2.29,LSL,2025-04,domestic energy charge incl. customer levy and rural electrification levy; VAT assumed 10% (unverified) | https://www.lewa.org.ls/download/lec-energy-and-maximum-demand-charges-for-the-financial-years-2024-25-and-2025-26/,utility/regulator tariff (public regulatory document; rates are facts),"low confidence; at 300 kWh/month; LEWA approved Domestic 2025/26 = M2.0816/kWh excl VAT, flat, no fixed charge; x1.10 = 2.29. No 2026/27 determination found on LEWA site; VAT rate on electricity not verified"
LT,,0.1955,EUR,2025-12,Eurostat nrg_pc_204 2025-S2 band DC all taxes,"Eurostat: reuse authorised, source acknowledged",
LU,,0.2665,EUR,2025-12,Eurostat nrg_pc_204 2025-S2 band DC all taxes,"Eurostat: reuse authorised, source acknowledged",
LV,,0.2452,EUR,2025-12,Eurostat nrg_pc_204 2025-S2 band DC all taxes,"Eurostat: reuse authorised, source acknowledged",
LY,,0.02,LYD,2017-07,energy only (residential rate) | https://documents.worldbank.org/curated/en/259641527050487229/pdf/Task-C-GECOL-Institutional-dev-and-perform-improvement-tariff-framework-review-tariff-structure-set-up-and-reform-pathway.pdf,"World Bank Documents & Reports (World Bank open access terms, CC BY 3.0 IGO)","low confidence; at 300 kWh/month; GECOL residential tariff of 20 dirhams/kWh (0.020 LYD) for 2011-2017 per World Bank/Strategy& tariff review; GECOL site unreachable and no newer official residential tariff found. 2025 GECOL increases reported only for factories and businesses at peak hours. Collection is weak, so many households pay less in practice."
MA,,0.9,MAD,2026-06,"energy at ONEE social block (0-100 kWh), VAT included; TPPAN not due under 200 kWh | https://www.one.org.ma/FR/pages/interne.asp?esp=1&id1=3&id2=113&t2=1",utility/regulator tariff (public regulatory document; rates are facts),"medium confidence; at 100 kWh/month; ONEE TTC grid (0.9010 MAD at 0-100 kWh). Typical use: two-thirds of consumers are in the lowest block (le360, 2024-01). Page states VAT 18%; the scheduled 20% from 2026-01 does not appear to have changed TTC prices (needs confirming). Meter rental/maintenance excluded (amount unverified). At 200 kWh: 1.07; at 300 kWh: 1.17 + TPPAN."
MC,,0.249,EUR,2024-01,energy incl. 20% TVA + monthly subscription (6 kVA base) incl. 5.5% TVA | https://smeg.mc/medias/Tarifs-Go_012024.pdf,utility/regulator tariff (public regulatory document; rates are facts),"medium confidence; at 300 kWh/month; SMEG tarif GO base: 20.99 c/kWh TTC + 11.66 EUR/mo at 6 kVA. (62.97+11.66)/300 = 24.9 c/kWh. Newest publicly posted grid is 2024-01; SMEG no longer posts the current grid online (pricing quoted at subscription), so level may have moved since"
MD,,3.56,MDL,2026-04,"ANRE regulated price, Premier Energy (largest supplier), from 2026-04; FEE Nord 3.95","Official regulatory decision (ANRE), no copyright claimed",moldpres.md report of the ANRE decision
ME,,0.0998,EUR,2025-12,Eurostat nrg_pc_204 2025-S2 band DC all taxes,"Eurostat: reuse authorised, source acknowledged",
MF,,0.2119,EUR,2026-08,"TRVE Tarif Bleu Base 6 kVA TTC: subscription EUR 159.60/yr spread + 16.76 c/kWh; incl. CTA, CSPE 2.25 c/kWh, taxe territoriale, TGCA 4% (no VAT) | https://www.edf.gp/sites/sei_gp/files/2026-08/Tarif_Bleu_residentiel_TTC_Guadeloupe_St_Martin_01082026.pdf",utility/regulator tariff (public regulatory document; rates are facts),"high confidence; at 300 kWh/month; EDF grid for Saint-Martin (French side), valid 1 Aug 2026"
MG,,588.24,MGA,2021-06,"JIRAMA Optima Tarif 20 (Economique, PS<=3.3 kW) energy blocks + prime fixe 3,018 Ar/kW/month (2.2 kW assumed) + redevance 8,000 Ar/month + 20% TVA | http://www.ore.mg/DonneesTechniques/TarifsAppliques/Jirama2023Janvier.html",regulator (Office de Régulation de l'Électricité) published tariff (public regulatory document; rates are facts),"medium confidence; at 200 kWh/month; Optima Résidentiel in force since June 2021 (Nov 2024 revision touched Business only). 200 kWh: 130x340 + 70x560 = 83,400 Ar + 6,640 prime (2.2 kW) + 8,000 redevance = 98,040; x1.20 TVA = 117,648 -> 588 Ar/kWh. TVA application to the whole bill is standard but not restated on the grid; with 1.1 kW subscribed: 568 Ar/kWh. Tarif 10 social (<=50 kWh at 130 Ar) is worse at 200 kWh"
MH,,0.542,USD,2026-05,MEC Majuro flat residential | https://islandtimes.org/majuro-reels-from-huge-power-rate-increase-as-government-steps-up-cash-programmes/,utility/regulator tariff (public regulatory document; rates are facts),low confidence; at 200 kWh/month; From news reports
MK,,7.148,MKD,2025-12,Eurostat nrg_pc_204 2025-S2 band DC all taxes,"Eurostat: reuse authorised, source acknowledged",
ML,,105.2,XOF,2014-01,energy (social tariff 2F 5A blocks) + 18% TVA on blocks above 100 kWh + meter maintenance/rental 176 + TVA + redevance éclairage public Bamako 320 | https://www.edmsa.ml/service/simulateur-conso-bt,utility/regulator tariff (public regulatory document; rates are facts),"medium confidence; at 200 kWh/month; EDM-SA simulator parameters (Bamako): social 0-50 59, 51-100 94, 101-200 109, >200 130; 50x59 + 50x94 + 100x109 = 18550 + 1962 TVA + 208 meter + 320 EP = 21040 FCFA / 200 kWh. Normal 10A tariff (109/130) gives 134.77. BT grid essentially unchanged since 2013-14 CREE adjustment; simulator disclaims it may be outdated; as_of approximate."
MM,,112.5,MMK,2024-09,energy blocks only; meter fee and taxes unknown | https://elevenmyanmar.com/news/moep-announces-electricity-rate-increase-effective-sept-1,utility/regulator tariff (public regulatory document; rates are facts),"low confidence; at 200 kWh/month; 1-50 50, 51-100 100, 101-200 150, >200 300 kyat: 2,500 + 5,000 + 15,000 = 22,500 / 200 (stepped reading; 150 if whole-bill); unchanged as of Feb 2026 per news"
MN,,248.95,MNT,2026-01,"energy blocks (incl. renewables levy) + monthly base charge 3,360 + 10% VAT | https://erc.gov.mn/mn/tariff-center",utility/regulator tariff (public regulatory document; rates are facts),"high confidence; at 220 kWh/month; ERC central grid: (150x184 + 70x269 + 3,360) x 1.10 = 54,769 MNT / 220 kWh (ERC average household use); effective month in 2026 not confirmed; method reproduces ERC's 2024 example bill exactly"
MO,,1.41,MOP,2026-07,"demand charge (6.9 kVA) + energy + tariff clause adjustment (0.36, Q3 2026) + government tax | https://www.cem-macau.com/en/customer-service/billing-service/tariff-group-a",utility/regulator tariff (public regulatory document; rates are facts),high confidence; at 250 kWh/month; CEM tariff A1: 18.80 + 250x0.963 + 250x0.36 + 2.00 = MOP 351.55 / 250
MP,,0.4863,USD,2026-10,CUC customer charge + base + FAC | https://cucgov.org/,utility/regulator tariff (public regulatory document; rates are facts),high confidence; at 300 kWh/month
MQ,,0.2384,EUR,2026-08,"TRVE Tarif Bleu Base 6 kVA TTC: subscription EUR 175.56/yr spread + 18.96 c/kWh; incl. CTA, accise 3.062 c/kWh, OMR 1.5%, TVA 8.5% | https://www.edf.mq/sites/sei_mq/files/2026-08/Tarif_Bleu_residentiel_TTC_Martinique_01082026.pdf",utility/regulator tariff (public regulatory document; rates are facts),high confidence; at 300 kWh/month; EDF Martinique grid valid 1 Aug 2026
MR,,7.01,MRU,2021-04,"energy (Domestique 6 kVA, flat) + prime fixe 165.07 MRU/month + 16% TVA on consumption above 150 kWh and prime | https://somelec.mr/sites/default/files/Tarifs%20Basse%20Tension.xls",utility/regulator tariff (public regulatory document; rates are facts),"medium confidence; at 300 kWh/month; SOMELEC BT table (2021 file): domestic 5.903 MRU/kWh, social 2.459. 300x5.903 = 1770.90 + 165.07 prime + 168.08 TVA = 2104.06 MRU / 300 kWh. CGI 2023: electricity up to 150 kWh/month VAT-exempt. If the whole bill were taxed: 7.49. Social tariff eligibility unknown; prepaid (Mounsif) has no prime."
MS,,1.25,XCD,2021-01,MUL domestic block 1 0-75 kWh @0.48 + block 2 @0.55 + fuel surcharge 0.72/kWh (illustrative value from MUL's 2020/21 bill example) | https://mul.ms/calculating-your-electricity-bill/,utility/regulator tariff (public regulatory document; rates are facts),low confidence; at 300 kWh/month; Base tariff from MUL customer guide; the fuel surcharge is monthly and no 2026 value was found (MUL publishes none online). Any government subsidy/cap not checked. Treat as order-of-magnitude only.
MT,,0.1282,EUR,2025-12,Eurostat nrg_pc_204 2025-S2 band DC all taxes,"Eurostat: reuse authorised, source acknowledged",
MU,,6.92,MUR,2026-05,Tariff 120 inclining blocks; minimum charge Rs211.60 not binding; no VAT on domestic supply (unverified); meter rental excluded | https://ceb.mu/files/files/publications/regulations/electricity_tariff_2026.pdf,utility/regulator tariff (public regulatory document; rates are facts),medium confidence; at 300 kWh/month; URA GN 473/2026 temporary charges from 1 May 2026: 25x3.63 + 25x5.04 + 25x5.45 + 25x6.27 + 100x7.07 + 50x8.07 + 50x9.09 = Rs2074.75 -> 6.92 MUR/kWh
MV,,1.42,MVR,2026-03,domestic energy bands only (subsidised rate); no fixed charge listed; fuel surcharge and GST not included | https://www.ura.gov.mv/en/electricity-tariffs,utility/regulator tariff (public regulatory document; rates are facts),"low confidence; at 300 kWh/month; URA: 0-100 kWh 1.25, 101-400 kWh 1.50 MVR, same in Male and all atolls; fuel-surcharge rule (0.03 MVR/kWh per 0.10 MVR/l above 8.00) could add >1 MVR/kWh if passed to households - not confirmed; STELCO site blocked"
MW,,111.66,MWK,2025-02,"ESCOM ET1 domestic prepaid: first 50 kWh 79.90 MWK, above 122.25 MWK; no fixed charge on prepaid; MERA-approved retail rates | https://www.escom.mw/tariffs-and-charges/",utility/regulator tariff (public regulatory document; rates are facts),"medium confidence; at 200 kWh/month; Rates effective 1 Feb 2025 (16% MERA tranche): 50x79.90 + 150x122.25 = 22,332.50 MWK -> 111.66 MWK/kWh. escom.mw was unreachable at research time (TLS timeout); rates cross-confirmed by times.mw and mwnation.com coverage of the Feb 2025 adjustment. Approved base-tariff path adds 12% (2025/26) and 9% (2026/27) but ESCOM announced a suspension of the residential hike and no later implementation was found; VAT treatment of domestic units not separately verified"
MX,,1.327,MXN,2026-10,CFE domestic tariffs 1-1F energy blocks over a 2026 calendar year (seasonal summer blocks applied) + IVA 16% (8% border municipalities); no fixed charge (25 kWh minimum); excludes municipal DAP and DAC households | https://appcfecontigo.com.mx/cfe-tarifas/,"SHCP/CFE tariff schedule (Oficio 349-B-1-070) via two reproductions; rates are facts. CFE consumption data (open data via Zenodo, CC-BY) and INEGI census 2020 (free use with attribution)","low confidence; at 140 kWh/month; User-weighted mean of the seven tariff-zone prices in mexico/static_prices.csv (Tarifa 1 1.352 x 0.580, 1A 1.305 x 0.102, 1B 1.307 x 0.102, 1C 1.315 x 0.117, 1D 1.310 x 0.044, 1E 1.179 x 0.008, 1F 1.172 x 0.047); the weighted mean use, 140 kWh/month, equals 2017 CFE residential sales / 2020 census households. Replaces the 2.88 row, which priced a Tarifa 1 household at 250 kWh, close to the DAC limit and nearly three times typical use."
MY,,0.2193,MYR,2026-10,"energy + capacity + network charges less energy-efficiency incentive; KWTBB, AFA, retail charge and SST do not apply at 300 kWh | https://www.mytnb.com.my/tariff/index.html",utility/regulator tariff (public regulatory document; rates are facts),"high confidence; at 300 kWh/month; TNB Peninsular (Jul 2025 structure): 44.43 sen x 300 = 133.29 - EEI 22.5 sen x 300 = RM65.79; at 600 kWh 0.36 MYR/kWh; Sabah 0.23, Sarawak 0.25 at 300 kWh"
MZ,,10.29,MZN,2025-04,EDM tarifa doméstica 7.58 MZN/kWh + taxa fixa 257.97 MZN/month + 16% IVA (IVA application to doméstica inferred from EDM's Dec 2024 social-tariff IVA exemption order) | https://energypedia.info/wiki/Situa%C3%A7%C3%A3o_da_Eletricidade_em_Mo%C3%A7ambique,energypedia (CC BY-SA 4.0) reproducing EDM's tariff table (rates are facts),"medium confidence; at 200 kWh/month; Table updated Apr 2025: social 1.03 MZN/kWh (<=~125 kWh, limited power, no fixed fee); doméstica flat 7.58 + 257.97 fixed. 200 kWh: 1,516 + 257.97 = 1,773.97; x1.16 = 2,057.81 -> 10.29 MZN/kWh (8.87 if IVA-exempt). EDM's own tariff pages (edm.co.mz, cliente.edm.co.mz) were unreachable at research time"
NA,,2.58,NAD,2026-09,Windhoek residential prepaid energy charge + ECB levy + NEF levy + local authority surcharge; residential supply zero-rated for VAT | https://www.ecb.org.na/wp-content/uploads/2026/09/CoW-2026.pdf,utility/regulator tariff (public regulatory document; rates are facts),"high confidence; at 300 kWh/month; ECB schedule valid from 09/2026 for City of Windhoek: 2.4298 + 0.0212 + 0.0160 + 0.1100 = 2.577 NAD/kWh, flat, no fixed charge on prepaid. Other REDs (Erongo RED, NORED, CENORED) differ moderately"
NC,,71.53,XPF,2026-10,EEC 46.58 F/kWh + fixed 30 A + meter fee + taxe communale 9% + TGC 3% | https://www.eec-engie.nc/institutionnel/eec-2/tarifs-eec-nouvelle-caledonie,utility/regulator tariff (public regulatory document; rates are facts),medium confidence; at 300 kWh/month; 55.56 at 15 A
NE,,90.39,XOF,2018-01,energy (BT ménage 3 kW blocks) + prime fixe 1278 + 19% TVA above first 150 kWh + taxe kWh 2 F/kWh + ORTN 3 F/kWh + taxe d'habitation 200 | https://arse.ne/simulateur-facture-nigelec/,utility/regulator tariff (public regulatory document; rates are facts),"high confidence; at 200 kWh/month; Regulator ARSE's NIGELEC bill simulator (code 331): 150x68.37 + 50x89.82 = 14746 + 853 TVA + 1278 prime + 400 + 600 + 200 = 18077 FCFA / 200 kWh. 2018 tariff structure, no increase applied since 2022 (World Bank M300 Niger compact). Social tariff (<=50 kWh) 59.45."
NF,,0.88,AUD,2026-07,flat fallback tariff + daily supply | https://www.nirc.gov.au/files/assets/public/v/1/corporate-and-finance/documents/fy-2026-27-nirc-fees-and-charges-report.pdf,utility/regulator tariff (public regulatory document; rates are facts),low confidence; at 300 kWh/month
NG,,56.45,NGN,2026-09,"energy (NERC Band C Non-MD, national median across 11 DisCos) + 7.5% VAT; no fixed charge | https://nerc.gov.ng/wp-content/uploads/2026/09/PHED_HOLDCO_YSS_September_2026_097.pdf",utility/regulator tariff (public regulatory document; rates are facts),"medium confidence; at 300 kWh/month; Flat per-kWh tariff by service band; Bands B-E frozen at Dec-2022 rates through Sep 2026 (FGN said no 2026 increase). Band A (~15% of customers per NERC, Apr 2024) pays 209.50+VAT=225.21. No public split of the other 85% across B-E, so Band C (middle of B-E) is used: B-E incl. VAT spans 33.58-74.13 depending on band and DisCo. VAT 7.5% assumed (DisCo billing practice), not re-verified under the 2025 Tax Act."
NI,,7.767,NIO,2026-09,"INE T-0 residential energy blocks + commercialisation fixed charge (151-500 bracket) + Managua public-lighting charge; IVA not applied (residential <=300 kWh exempt, unverified) | https://www.ine.gob.ni/wp-content/uploads/2026/09/baja_tension_1_septiembre26.pdf",utility/regulator tariff (public regulatory document; rates are facts),"medium confidence; at 200 kWh/month; Disnorte-Dissur, valid from 1 Sep 2026. Without AP: 7.30. Social subsidised charge only <=150 kWh. Fixed charge: https://www.ine.gob.ni/wp-content/uploads/2026/09/comercializacion_septiembre26.pdf ; AP: https://www.ine.gob.ni/wp-content/uploads/2026/09/ap_managua_septiembre26.pdf"
NL,,0.2558,EUR,2025-12,Eurostat nrg_pc_204 2025-S2 band DC all taxes,"Eurostat: reuse authorised, source acknowledged",
NO,,2.2618,NOK,2025-12,Eurostat nrg_pc_204 2025-S2 band DC all taxes,"Eurostat: reuse authorised, source acknowledged",
NP,,8.63,NPR,2024-07,energy slabs + monthly demand/minimum charge (15A single-phase); VAT treated as nil (unverified) | https://www.erc.gov.np/electricity-calculator,utility/regulator tariff (public regulatory document; rates are facts),"medium confidence; at 80 kWh/month; ERC calculator 'approved FY 2081/82' (as_of approximate); 80 kWh = NEA 2025/26 domestic sales 5,169 GWh / 5,372,615 domestic consumers; 5A households 7.31-8.06; 9.28 at 200 kWh"
NR,,0.47,AUD,2026-10,NUC residential prepaid | https://www.nuc.com.nr/services-4,utility/regulator tariff (public regulatory document; rates are facts),low confidence; at 300 kWh/month; Undated page
NU,,0.55,NZD,2015-01,energy blocks only; no fixed charge documented; 12.5% Niue Consumption Tax applicability to electricity unclear | https://policy.asiapacificenergy.org/node/2695,government strategy document (Niue Strategic Energy Road Map 2015-2025),low confidence; at 200 kWh/month; NPC tiers: 100x0.50 + 100x0.60 = NZ$110 / 200 kWh; heavily subsidised (true cost est. NZ$2.70/kWh); NPC publishes no rates page and did not report to PPA 2023 benchmarking; no evidence of change since 2015 but none ruled out
NZ,,0.42,NZD,2026-05,"MBIE QSDEP total NZ, all charges + GST | https://figure.nz/table/ryd5zyqL6bEc9VWp/download",CC BY 4.0 (MBIE data via Figure.NZ),high confidence; at 667 kWh/month
OM,,0.0147,OMR,2025-01,energy 14 baisa + 5% VAT | https://web.archive.org/web/20250218215346id_/https://supply.nama.om/UploadsAll/Pages/2025-1-8-14-6-2Residential%20Tariff%20EN.pdf,utility/regulator tariff (public regulatory document; rates are facts),"high confidence; at 300 kWh/month; Primary-account tariff (APSR decision 44/2024; any nationality, up to 2 accounts); same price at any use up to 4,000 kWh; citizens' national-subsidy rate 10 baisa; May-Aug summer discount not applicable in October"
PA,,0.1145,PAB,2026-09,ASEP BTS EDEMET: fixed (first 10 kWh) + 290 kWh escalon 1 - FET state subsidy 31.21% + Sep fuel variation; no ITBMS (assumed exempt) | https://asep.gob.pa/wp-content/uploads/electricidad/tarifas/01_tarifas_clientes_regulados/tarifas_2023-2026/2026/septiembre/II_t_2026.pdf,utility/regulator tariff (public regulatory document; rates are facts),"medium confidence; at 300 kWh/month; EDEMET (Naturgy; western Panama City + central provinces), valid 1 Sep-31 Dec 2026. ENSA same consumption: 0.1327. FET discount only applies <=300 kWh: at 350 kWh EDEMET -> 0.178. Fuel variation: II_vc_2026.pdf."
PE,,0.835,PEN,2026-10,Pluz BT5B incl. IGV + street-lighting levy | https://www.pluz.pe/,utility/regulator tariff (public regulatory document; rates are facts),"high confidence; at 300 kWh/month; Osinergmin-regulated, Lima Norte, from 2026-10-04"
PF,,36.91,XPF,2024-01,EDT Tahiti blocks + transport + municipal tax + CSE + VAT 5%; EXCLUDES subscription | https://www.service-public.pf/sde/wp-content/uploads/sites/15/2025/11/Bilan_energetique_de_la_Polynesie_francaise_-_edition_2024.pdf,government statistical report (rates are facts),low confidence; at 231 kWh/month; Real figure higher (subscription missing)
PG,,0.8455,PGK,2026-04,Easipay prepaid 76.86 toea + GST 10% | https://www.pngpower.com.pg/docs/revised-2026-amended-tariff-schedule-2nd-quarter.pdf,utility/regulator tariff (public regulatory document; rates are facts),medium confidence; at 200 kWh/month
PH,,14.7424,PHP,2026-09,"all-in Meralco overall rate: generation, transmission, system loss, distribution, supply/metering, universal charges, FIT-All, VAT, local taxes, lifeline subsidy, refunds applied | https://company.meralco.com.ph/news-and-advisories/lower-rates-september-2026",utility/regulator tariff (public regulatory document; rates are facts),"high confidence; at 200 kWh/month; Meralco typical 200 kWh household, ~PHP 2,948; October 2026 advisory not yet published"
PK,,18.89,PKR,2026-02,protected slabs (previous-slab benefit) + fixed Rs300/kW/month x 1 kW (assumed) + FCA 2.0581 + QTA 0.5194 (Sep-2026 bills) + 18% GST | https://nepra.org.pk/tariff/Tariff/Notifications/2026/02%20Feb/S.R.O.%20279(1)2026%20dated%2012-02-2026.pdf,utility/regulator tariff (public regulatory document; rates are facts),"medium confidence; at 126 kWh/month; Uniform tariff SRO 279(I)/2026; protected households = 59% of residential consumers; 126 kWh = 51,675 GWh / 34,274,946 residential consumers; unprotected 200 kWh/2 kW household pays 40.70; electricity duty/PTV fee assumed abolished"
PL,,1.1505,PLN,2025-12,Eurostat nrg_pc_204 2025-S2 band DC all taxes,"Eurostat: reuse authorised, source acknowledged",
PM,,0.211,EUR,2026-08,"TRVE Tarif Bleu Base 6 kVA TTC: subscription EUR 159.60/yr spread + 16.67 c/kWh; incl. CTA, accise 3.062 c/kWh (no VAT) | https://www.edf.pm/sites/sei_pm/files/2026-08/Tarif_Bleu_residentiel_TTC_SPM_01082026.pdf",utility/regulator tariff (public regulatory document; rates are facts),high confidence; at 300 kWh/month; HT 13.61 c/kWh + 143.28 EUR/yr (https://www.edf.pm/sites/sei_pm/files/2026-08/bleu_residentiel_saint_pierre_et_miquelon.pdf); Miquelon grid identical
PR,,0.339,USD,2026-10,customer charge + base energy + FCA 0.173576 + PPCA 0.045090 + CILT/SUBA/EE riders + pension rider (fixed $10.89/mo) + provisional rider; non-subsidised GRS residential | https://energia.pr.gov/wp-content/uploads/sites/7/2026/09/20260930-MI20200001-Resolucion-y-Orden.pdf,utility/regulator tariff (public regulatory document; rates are facts),"high confidence; at 800 kWh/month; NEPR Resolution 2026-09-30 (Oct-Dec 2026 factors), Anejo 4: GRS 800 kWh bill $270.86 = $0.33858/kWh (up from $0.28574 Jul-Sep). 800 kWh is the regulator's reference household; at 300 kWh the per-kWh figure would be somewhat higher (fixed charges) - not computed because base-rate sheet not retrievable."
PS,,0.669,ILS,2025-03,blocks 0.5103/0.5500/0.6344 + daily fixed 0.34 ILS + 16% VAT | https://perc.ps/perc/wp-content/uploads/2025/03/tariff25.pdf,utility/regulator tariff (public regulatory document; rates are facts),medium confidence; at 300 kWh/month; Cabinet decision 2025-03-05 via PERC; West Bank excl. Jericho/Jordan Valley; prepaid meters ~0.63-0.64 incl. VAT; Gaza grid largely non-functional
PT,,0.2435,EUR,2025-12,Eurostat nrg_pc_204 2025-S2 band DC all taxes,"Eurostat: reuse authorised, source acknowledged",
PW,,0.3465,USD,2024-10,base energy rate + Distributed Energy Rate fuel/solar pass-through ($0.277/kWh); no fixed charge; 10% PGST status unresolved; RPPL 11-39 subsidy expired 2025-04 | https://islandtimes.org/ppuc-to-reduce-power-rates-with-new-distributed-energy-rate-system/,press publication of the official PPUC rate notice,"medium confidence; at 200 kWh/month; PPUC blocks: 150x0.328 + 50x0.402 = $69.30, matching PPUC's own estimated-charges table and the PPA FY2023 benchmark ($69.55 at 200 kWh); DER fuel-adjusts and Apr 2026 press expected a rise in May 2026 (not confirmed)"
PY,,365.45,PYG,2017-03,ANDE category 142 band price; IVA incl. (assumed) | https://www.ande.gov.py/docs/tarifas/Pliego%20de%20Tarifas%20Nro%2021%20-%20Version%20Actualizada%2027-11-2024.pdf,utility/regulator tariff (public regulatory document; rates are facts),medium confidence; at 300 kWh/month; Unchanged through Nov-2024 revision
QA,,0.11,QAR,2026-10,energy only (no VAT in Qatar; no fixed charge on tariff page) | https://www.km.qa/CustomerService/Pages/Tariff.aspx,utility/regulator tariff (public regulatory document; rates are facts),"high confidence; at 300 kWh/month; Expatriate flat/villa tariff from Kahramaa tariff web service (0.11 to 2,000 kWh, 0.13 to 4,000, 0.18 to 15,000, 0.26 above); Qatari households can be exempted (free); 2015 0.08/0.09/0.10 scheme superseded"
RE,,0.227,EUR,2026-08,TRVE Base 6 kVA (abonnement + energy) + accise 0.03085 EUR/kWh + TVA 8.5%; CTA excluded | https://www.electricitedemayotte.com/content/uploads/2026/08/Tarifs-bleu-particuliers-0826.xlsx,utility/regulator tariff (public regulatory document; rates are facts),medium confidence; at 300 kWh/month; Regulated tarif bleu is identical across France incl. ZNI (perequation). Grid from 1 Aug 2026 (EDM-published TRVE): 11.94 EUR/month + 13.8815 c/kWh HT. (11.94 + 41.64 + 9.26) x 1.085 = 68.18 -> 0.227 EUR/kWh. EDF Reunion site blocked (403); accise rate taken from EDM Mayotte page
RO,,1.4696,RON,2025-12,Eurostat nrg_pc_204 2025-S2 band DC all taxes,"Eurostat: reuse authorised, source acknowledged",
RS,,13.9473,RSD,2025-12,Eurostat nrg_pc_204 2025-S2 band DC all taxes,"Eurostat: reuse authorised, source acknowledged",
RU,RU-AD,8.31,RUB,2026-10,"Regional household tariff from 2026-10-01 (FAS order 1130/25 caps), single-rate urban without electric stove, incl. VAT 22%: https://sovetskaya-adygeya.ru/2026/09/29/na-9-6-podorozhajut-kommunalnye-uslugi-dlya-zhitelej-adygei-s-1-oktyabrya/","Tariff figure from official regional order (public act, art. 1259(6)); reported by third-party media, page itself copyrighted",high confidence
RU,RU-AL,8.85,RUB,2026-10,"Regional household tariff from 2026-10-01 (FAS order 1130/25 caps), single-rate urban without electric stove, incl. VAT 22%: https://altai-republic.ru/society/tarify/","Official regional government publication (public act, art. 1259(6))",high confidence
RU,RU-ALT,7.07,RUB,2026-10,"Regional household tariff from 2026-10-01 (FAS order 1130/25 caps), single-rate urban without electric stove, incl. VAT 22%: https://ngs22.ru/text/house/2026/09/24/76659197/","Tariff figure from official regional order (public act, art. 1259(6)); reported by third-party media, page itself copyrighted",high confidence
RU,RU-AMU,6.31,RUB,2026-10,"Regional household tariff from 2026-10-01 (FAS order 1130/25 caps), single-rate urban without electric stove, incl. VAT 22%: https://www.amur.life/news/2026/10/01/s-segodnyashnego-dnya-elektrichestvo-v-amurskoy-oblasti-stoit-dorozhe","Tariff figure from official regional order (public act, art. 1259(6)); reported by third-party media, page itself copyrighted",high confidence
RU,RU-ARK,8.39,RUB,2026-10,"Regional household tariff from 2026-10-01 (FAS order 1130/25 caps), single-rate urban without electric stove, incl. VAT 22%: https://29.ru/text/gorod/2026/09/24/76659882/","Tariff figure from official regional order (public act, art. 1259(6)); reported by third-party media, page itself copyrighted",medium confidence
RU,RU-AST,8.21,RUB,2026-10,"Regional household tariff from 2026-10-01 (FAS order 1130/25 caps), single-rate urban without electric stove, incl. VAT 22%: https://kaspyinfo.ru/news/zhkh/118241","Tariff figure from official regional order (public act, art. 1259(6)); reported by third-party media, page itself copyrighted",high confidence
RU,RU-BA,5.55,RUB,2026-10,"Regional household tariff from 2026-10-01 (FAS order 1130/25 caps), single-rate urban without electric stove, incl. VAT 22%: https://news.rambler.ru/community/57124641-stalo-izvestno-kak-izmenyatsya-tarify-zhkh-v-bashkirii-s-1-oktyabrya/","Tariff figure from official regional order (public act, art. 1259(6)); reported by third-party media, page itself copyrighted",high confidence
RU,RU-BEL,6.79,RUB,2026-10,"Regional household tariff from 2026-10-01 (FAS order 1130/25 caps), single-rate urban without electric stove, incl. VAT 22%: https://bel.aif.ru/society/kommunalka/13-nyy-indeks-povysheniya-skolko-belgorodcam-platit-za-zhku-s-oktyabrya","Tariff figure from official regional order (public act, art. 1259(6)); reported by third-party media, page itself copyrighted",high confidence
RU,RU-BRY,6.56,RUB,2026-10,"Regional household tariff from 2026-10-01 (FAS order 1130/25 caps), single-rate urban without electric stove, incl. VAT 22%: https://www.garant.ru/products/ipo/prime/doc/413442354/","Official act of a federal body: not a copyright object (Civil Code RF art. 1259(6)); text copied via garant.ru, whose site terms restrict reuse of its own materials",medium confidence
RU,RU-BU,6.85,RUB,2026-10,"Regional household tariff from 2026-10-01 (FAS order 1130/25 caps), single-rate urban without electric stove, incl. VAT 22%: https://www.baikal-daily.ru/news/16/530302/","Tariff figure from official regional order (public act, art. 1259(6)); reported by third-party media, page itself copyrighted",medium confidence
RU,RU-CE,4.62,RUB,2026-10,"Regional household tariff from 2026-10-01 (FAS order 1130/25 caps), single-rate urban without electric stove, incl. VAT 22%: https://www.kommersant.ru/doc/8956669","Tariff figure from official regional order (public act, art. 1259(6)); reported by third-party media, page itself copyrighted",high confidence
RU,RU-CHE,5.38,RUB,2026-10,"Regional household tariff from 2026-10-01 (FAS order 1130/25 caps), single-rate urban without electric stove, incl. VAT 22%: https://uralpress.ru/news/skolko-yuzhnouralcy-budut-platit-za-kommunalnye-uslugi-s-oktyabrya-2026-goda-2026-10-04","Tariff figure from official regional order (public act, art. 1259(6)); reported by third-party media, page itself copyrighted",medium confidence
RU,RU-CHU,12.84,RUB,2026-10,"Regional household tariff from 2026-10-01 (FAS order 1130/25 caps), single-rate urban without electric stove, incl. VAT 22%: https://tradesip.ru/blog/tarif_na_elektroenergiu_2026/chukotskiy-avtonomnyy-okrug/","Tariff figure from official regional order (public act, art. 1259(6)); reported by third-party media, page itself copyrighted",medium confidence
RU,RU-CU,5.60,RUB,2026-10,"Regional household tariff from 2026-10-01 (FAS order 1130/25 caps), single-rate urban without electric stove, incl. VAT 22%: https://mosk.cap.ru/news/2026/09/29/s-1-oktyabrya-izmenyatsya","Official regional government publication (public act, art. 1259(6))",medium confidence
RU,RU-DA,4.45,RUB,2026-10,"Regional household tariff from 2026-10-01 (FAS order 1130/25 caps), single-rate urban without electric stove, incl. VAT 22%: https://www.kommersant.ru/doc/8956669","Tariff figure from official regional order (public act, art. 1259(6)); reported by third-party media, page itself copyrighted",high confidence
RU,RU-IN,6.14,RUB,2026-10,"Regional household tariff from 2026-10-01 (FAS order 1130/25 caps), single-rate urban without electric stove, incl. VAT 22%: https://www.kommersant.ru/doc/8956669","Tariff figure from official regional order (public act, art. 1259(6)); reported by third-party media, page itself copyrighted",high confidence
RU,RU-IRK,2.10,RUB,2026-10,"Regional household tariff from 2026-10-01 (FAS order 1130/25 caps), single-rate urban without electric stove, incl. VAT 22%: https://sbyt.irkutskenergo.ru/for-population/tariffs-and-consumption-standards/tariffs/","Tariff figure from official regional order (public act, art. 1259(6)); published on supplier site",high confidence
RU,RU-IVA,7.88,RUB,2026-10,"Regional household tariff from 2026-10-01 (FAS order 1130/25 caps), single-rate urban without electric stove, incl. VAT 22%: https://i3vestno.ru/article/2026/10/01/s_1_oktyabrya_izmenyatsya_tarify_na_zhku","Tariff figure from official regional order (public act, art. 1259(6)); reported by third-party media, page itself copyrighted",medium confidence
RU,RU-KAM,6.24,RUB,2026-10,"Regional household tariff from 2026-10-01 (FAS order 1130/25 caps), single-rate urban without electric stove, incl. VAT 22%: https://www.ruscable.ru/articles/tarifs/_na_elektroenergiu_na_2026_god_1-e_polug/_na_elektroenergiu_v_petropavlovsk-kamch_3","Tariff figure from official regional order (public act, art. 1259(6)); reported by third-party media, page itself copyrighted",medium confidence
RU,RU-KB,6.53,RUB,2026-10,"Regional household tariff from 2026-10-01 (FAS order 1130/25 caps), single-rate urban without electric stove, incl. VAT 22%: https://energoseti.ru/rate/nalchik","Tariff figure from official regional order (public act, art. 1259(6)); reported by third-party media, page itself copyrighted",medium confidence
RU,RU-KC,6.97,RUB,2026-10,"Regional household tariff from 2026-10-01 (FAS order 1130/25 caps), single-rate urban without electric stove, incl. VAT 22%: https://www.ruscable.ru/articles/tarifs/_na_elektroenergiu_na_2026_god_1-e_polug/_na_elektroenergiu_v_erkesske_i_respubli_3","Tariff figure from official regional order (public act, art. 1259(6)); reported by third-party media, page itself copyrighted",medium confidence
RU,RU-KDA,8.31,RUB,2026-10,"Regional household tariff from 2026-10-01 (FAS order 1130/25 caps), single-rate urban without electric stove, incl. VAT 22%: https://93.ru/text/house/2026/09/22/76656300/","Tariff figure from official regional order (public act, art. 1259(6)); reported by third-party media, page itself copyrighted",high confidence
RU,RU-KEM,5.97,RUB,2026-10,"Regional household tariff from 2026-10-01 (FAS order 1130/25 caps), single-rate urban without electric stove, incl. VAT 22%: https://sibdepo.ru/news/kuzbassovtsy-budut-platit-za-elektrichestvo-bolshe.html","Tariff figure from official regional order (public act, art. 1259(6)); reported by third-party media, page itself copyrighted",medium confidence
RU,RU-KGD,7.01,RUB,2026-10,"Regional household tariff from 2026-10-01 (FAS order 1130/25 caps), single-rate urban without electric stove, incl. VAT 22%: https://www.garant.ru/products/ipo/prime/doc/413442354/","Official act of a federal body: not a copyright object (Civil Code RF art. 1259(6)); text copied via garant.ru, whose site terms restrict reuse of its own materials",medium confidence
RU,RU-KGN,5.68,RUB,2026-10,"Regional household tariff from 2026-10-01 (FAS order 1130/25 caps), single-rate urban without electric stove, incl. VAT 22%: https://45.ru/text/economics/2026/09/28/76659684/","Tariff figure from official regional order (public act, art. 1259(6)); reported by third-party media, page itself copyrighted",high confidence
RU,RU-KHA,7.67,RUB,2026-10,"Regional household tariff from 2026-10-01 (FAS order 1130/25 caps), single-rate urban without electric stove, incl. VAT 22%: https://www.consultant.ru/law/podborki/tarify_na_jelektrojenergiyu_v_habarovskom_krae/","Tariff figure from official regional order (public act, art. 1259(6)); reported by third-party media, page itself copyrighted",medium confidence
RU,RU-KHM,4.77,RUB,2026-10,"Regional household tariff from 2026-10-01 (FAS order 1130/25 caps), single-rate urban without electric stove, incl. VAT 22%: https://www.garant.ru/products/ipo/prime/doc/413442354/","Official act of a federal body: not a copyright object (Civil Code RF art. 1259(6)); text copied via garant.ru, whose site terms restrict reuse of its own materials",medium confidence
RU,RU-KIR,6.68,RUB,2026-10,"Regional household tariff from 2026-10-01 (FAS order 1130/25 caps), single-rate urban without electric stove, incl. VAT 22%: https://www.newsler.ru/society/2026/09/03/vlasti-kirova-utverdili-tarify-za-svet-dlya-naseleniya","Tariff figure from official regional order (public act, art. 1259(6)); reported by third-party media, page itself copyrighted",medium confidence
RU,RU-KK,3.67,RUB,2026-10,"Regional household tariff from 2026-10-01 (FAS order 1130/25 caps), single-rate urban without electric stove, incl. VAT 22%: https://r-19.ru/news/obshchestvo/188563/","Official regional government publication (public act, art. 1259(6))",high confidence
RU,RU-KL,8.42,RUB,2026-10,"Regional household tariff from 2026-10-01 (FAS order 1130/25 caps), single-rate urban without electric stove, incl. VAT 22%: https://www.garant.ru/products/ipo/prime/doc/413442354/","Official act of a federal body: not a copyright object (Civil Code RF art. 1259(6)); text copied via garant.ru, whose site terms restrict reuse of its own materials",medium confidence
RU,RU-KLU,8.32,RUB,2026-10,"Regional household tariff from 2026-10-01 (FAS order 1130/25 caps), single-rate urban without electric stove, incl. VAT 22%: https://abnews.ru/center/news/kaluga/2026/9/30/k","Tariff figure from official regional order (public act, art. 1259(6)); reported by third-party media, page itself copyrighted",medium confidence
RU,RU-KO,7.97,RUB,2026-10,"Regional household tariff from 2026-10-01 (FAS order 1130/25 caps), single-rate urban without electric stove, incl. VAT 22%: https://komi.aif.ru/society/rost-tarifov-zhkh-s-1-oktyabrya-v-komi-chto-podorozhaet-i-naskolko","Tariff figure from official regional order (public act, art. 1259(6)); reported by third-party media, page itself copyrighted",medium confidence
RU,RU-KOS,7.54,RUB,2026-10,"Regional household tariff from 2026-10-01 (FAS order 1130/25 caps), single-rate urban without electric stove, incl. VAT 22%: https://gtrk-kostroma.ru/news/stali-izvestny-novye-tarify-i-normativy-potrebleniya-elektroenergii-dlya-kostromichey/","Tariff figure from official regional order (public act, art. 1259(6)); reported by third-party media, page itself copyrighted",medium confidence
RU,RU-KR,6.10,RUB,2026-10,"Regional household tariff from 2026-10-01 (FAS order 1130/25 caps), single-rate urban without electric stove, incl. VAT 22%: https://www.garant.ru/products/ipo/prime/doc/413442354/","Official act of a federal body: not a copyright object (Civil Code RF art. 1259(6)); text copied via garant.ru, whose site terms restrict reuse of its own materials",medium confidence
RU,RU-KRS,6.52,RUB,2026-10,"Regional household tariff from 2026-10-01 (FAS order 1130/25 caps), single-rate urban without electric stove, incl. VAT 22%: https://dddkursk.ru/number/1664/consumer/008313/","Tariff figure from official regional order (public act, art. 1259(6)); reported by third-party media, page itself copyrighted",high confidence
RU,RU-KYA,7.76,RUB,2026-10,"Regional household tariff from 2026-10-01 (FAS order 1130/25 caps), single-rate urban without electric stove, incl. VAT 22%: https://ngs24.ru/text/gorod/2026/09/05/76626695/","Tariff figure from official regional order (public act, art. 1259(6)); reported by third-party media, page itself copyrighted",medium confidence
RU,RU-LEN,7.44,RUB,2026-10,"Regional household tariff from 2026-10-01 (FAS order 1130/25 caps), single-rate urban without electric stove, incl. VAT 22%: https://www.ruscable.ru/articles/tarifs/_na_elektroenergiu_na_2026_god_1-e_polug/_na_elektroenergiu_v_leningradskoy_oblas_3","Tariff figure from official regional order (public act, art. 1259(6)); reported by third-party media, page itself copyrighted",medium confidence
RU,RU-LIP,6.42,RUB,2026-10,"Regional household tariff from 2026-10-01 (FAS order 1130/25 caps), single-rate urban without electric stove, incl. VAT 22%: https://newslipetsk.ru/fn_1958236.html","Tariff figure from official regional order (public act, art. 1259(6)); reported by third-party media, page itself copyrighted",medium confidence
RU,RU-MAG,8.46,RUB,2026-10,"Regional household tariff from 2026-10-01 (FAS order 1130/25 caps), single-rate urban without electric stove, incl. VAT 22%: https://koteltundra.ru/stati/otoplenie-doma-magadanskaya-oblast-tarify-1-oktyabrya-2026/","Tariff figure from official regional order (public act, art. 1259(6)); reported by third-party media, page itself copyrighted",high confidence
RU,RU-ME,6.25,RUB,2026-10,"Regional household tariff from 2026-10-01 (FAS order 1130/25 caps), single-rate urban without electric stove, incl. VAT 22%: https://mari-el.gov.ru/ministries/mecon/tarif/pages/tarify-na-elektroenergiyu/","Official regional government publication (public act, art. 1259(6))",medium confidence
RU,RU-MO,6.15,RUB,2026-10,"Regional household tariff from 2026-10-01 (FAS order 1130/25 caps), single-rate urban without electric stove, incl. VAT 22%: https://www.garant.ru/hotlaw/mordovia/149687/","Tariff figure from official regional order (public act, art. 1259(6)); reported by third-party media, page itself copyrighted",medium confidence
RU,RU-MOS,9.32,RUB,2026-10,"Regional household tariff from 2026-10-01 (FAS order 1130/25 caps), single-rate urban without electric stove, incl. VAT 22%: https://www.elec.ru/library/rd/tarify-elektroenergiya-2026/moskva-obl.html","Tariff figure from official regional order (public act, art. 1259(6)); reported by third-party media, page itself copyrighted",medium confidence
RU,RU-MOW,8.90,RUB,2026-10,"Regional household tariff from 2026-10-01 (FAS order 1130/25 caps), single-rate urban without electric stove, incl. VAT 22%: https://amoskva.com/news/572849","Tariff figure from official regional order (public act, art. 1259(6)); reported by third-party media, page itself copyrighted",high confidence
RU,RU-MUR,4.70,RUB,2026-10,"Regional household tariff from 2026-10-01 (FAS order 1130/25 caps), single-rate urban without electric stove, incl. VAT 22%: https://www.garant.ru/products/ipo/prime/doc/413442354/","Official act of a federal body: not a copyright object (Civil Code RF art. 1259(6)); text copied via garant.ru, whose site terms restrict reuse of its own materials",medium confidence
RU,RU-NEN,8.77,RUB,2026-10,"Regional household tariff from 2026-10-01 (FAS order 1130/25 caps), single-rate urban without electric stove, incl. VAT 22%: https://www.garant.ru/products/ipo/prime/doc/413442354/","Official act of a federal body: not a copyright object (Civil Code RF art. 1259(6)); text copied via garant.ru, whose site terms restrict reuse of its own materials",medium confidence
RU,RU-NGR,7.52,RUB,2026-10,"Regional household tariff from 2026-10-01 (FAS order 1130/25 caps), single-rate urban without electric stove, incl. VAT 22%: https://www.garant.ru/products/ipo/prime/doc/413442354/","Official act of a federal body: not a copyright object (Civil Code RF art. 1259(6)); text copied via garant.ru, whose site terms restrict reuse of its own materials",medium confidence
RU,RU-NIZ,10.00,RUB,2026-10,"Regional household tariff from 2026-10-01 (FAS order 1130/25 caps), single-rate urban without electric stove, incl. VAT 22%: https://pravda-nn.ru/articles/kto-iz-nizhegorodtsev-budet-platit-bolshe-za-zhku-s-1-oktyabrya/","Tariff figure from official regional order (public act, art. 1259(6)); reported by third-party media, page itself copyrighted",medium confidence
RU,RU-NVS,4.64,RUB,2026-10,"Regional household tariff from 2026-10-01 (FAS order 1130/25 caps), single-rate urban without electric stove, incl. VAT 22%: https://ngs.ru/text/house/2026/09/30/76668272/","Tariff figure from official regional order (public act, art. 1259(6)); reported by third-party media, page itself copyrighted",medium confidence
RU,RU-OMS,7.08,RUB,2026-10,"Regional household tariff from 2026-10-01 (FAS order 1130/25 caps), single-rate urban without electric stove, incl. VAT 22%: https://amp.rbc.ru/regional/omsk/29/09/2026/6abb4d229a79475e05ce4955","Tariff figure from official regional order (public act, art. 1259(6)); reported by third-party media, page itself copyrighted",medium confidence
RU,RU-ORE,5.19,RUB,2026-10,"Regional household tariff from 2026-10-01 (FAS order 1130/25 caps), single-rate urban without electric stove, incl. VAT 22%: https://oren.esplus.ru/tariffs/oren/fiz/","Tariff figure from official regional order (public act, art. 1259(6)); published on supplier site",medium confidence
RU,RU-ORL,9.16,RUB,2026-10,"Regional household tariff from 2026-10-01 (FAS order 1130/25 caps), single-rate urban without electric stove, incl. VAT 22%: https://orel-region.ru/index.php?head=131&unit=8","Official regional government publication (public act, art. 1259(6))",medium confidence
RU,RU-PER,6.98,RUB,2026-10,"Regional household tariff from 2026-10-01 (FAS order 1130/25 caps), single-rate urban without electric stove, incl. VAT 22%: https://www.business-class.su/news/2026/09/22/s-1-oktyabrya-izmenyatsya-tarify-na-elektroenergiyu-v-prikame","Tariff figure from official regional order (public act, art. 1259(6)); reported by third-party media, page itself copyrighted",high confidence
RU,RU-PNZ,5.86,RUB,2026-10,"Regional household tariff from 2026-10-01 (FAS order 1130/25 caps), single-rate urban without electric stove, incl. VAT 22%: https://www.garant.ru/products/ipo/prime/doc/413442354/","Official act of a federal body: not a copyright object (Civil Code RF art. 1259(6)); text copied via garant.ru, whose site terms restrict reuse of its own materials",medium confidence
RU,RU-PRI,6.46,RUB,2026-10,"Regional household tariff from 2026-10-01 (FAS order 1130/25 caps), single-rate urban without electric stove, incl. VAT 22%: https://vladivostok1.ru/text/gorod/2026/10/01/76669327/","Tariff figure from official regional order (public act, art. 1259(6)); reported by third-party media, page itself copyrighted",medium confidence
RU,RU-PSK,7.65,RUB,2026-10,"Regional household tariff from 2026-10-01 (FAS order 1130/25 caps), single-rate urban without electric stove, incl. VAT 22%: https://tradesip.ru/blog/tarif_na_elektroenergiu_2026/pskovskaya-oblast/","Tariff figure from official regional order (public act, art. 1259(6)); reported by third-party media, page itself copyrighted",medium confidence
RU,RU-ROS,6.66,RUB,2026-10,"Regional household tariff from 2026-10-01 (FAS order 1130/25 caps), single-rate urban without electric stove, incl. VAT 22%: https://161.ru/text/gorod/2026/09/23/76656663/","Tariff figure from official regional order (public act, art. 1259(6)); reported by third-party media, page itself copyrighted",medium confidence
RU,RU-RYA,8.06,RUB,2026-10,"Regional household tariff from 2026-10-01 (FAS order 1130/25 caps), single-rate urban without electric stove, incl. VAT 22%: https://www.rzn.info/articles/novye-tarify-zhkh-v-ryazani-kotorye-nachnut-dejstvovat-s-1-oktyabrya-2026-goda-59830.html","Tariff figure from official regional order (public act, art. 1259(6)); reported by third-party media, page itself copyrighted",medium confidence
RU,RU-SA,10.92,RUB,2026-10,"Regional household tariff from 2026-10-01 (FAS order 1130/25 caps), single-rate urban without electric stove, incl. VAT 22%: https://yakutia.aif.ru/money/povyshenie-tarifov-elektroenergiya-v-yakutii-2026","Tariff figure from official regional order (public act, art. 1259(6)); reported by third-party media, page itself copyrighted",medium confidence
RU,RU-SAK,6.88,RUB,2026-10,"Regional household tariff from 2026-10-01 (FAS order 1130/25 caps), single-rate urban without electric stove, incl. VAT 22%: https://sakhalinmedia.ru/news/2591234/","Tariff figure from official regional order (public act, art. 1259(6)); reported by third-party media, page itself copyrighted",high confidence
RU,RU-SAM,6.95,RUB,2026-10,"Regional household tariff from 2026-10-01 (FAS order 1130/25 caps), single-rate urban without electric stove, incl. VAT 22%: https://www.samara.kp.ru/daily/277815/5302512/","Tariff figure from official regional order (public act, art. 1259(6)); reported by third-party media, page itself copyrighted",high confidence
RU,RU-SAR,6.03,RUB,2026-10,"Regional household tariff from 2026-10-01 (FAS order 1130/25 caps), single-rate urban without electric stove, incl. VAT 22%: https://www.vzsar.ru/news/2026/09/29/v-noyabre-saratovcy-polychat-platejki-s-vyrosshimi-na-11-tarifami.html","Tariff figure from official regional order (public act, art. 1259(6)); reported by third-party media, page itself copyrighted",high confidence
RU,RU-SE,6.97,RUB,2026-10,"Regional household tariff from 2026-10-01 (FAS order 1130/25 caps), single-rate urban without electric stove, incl. VAT 22%: https://www.ossetia.tv/2026/10/01/tarify-na-kommynalnye-yslygi-v-severnoi-osetii-izmenilis-s-1-oktiabria/","Tariff figure from official regional order (public act, art. 1259(6)); reported by third-party media, page itself copyrighted",medium confidence
RU,RU-SMO,6.73,RUB,2026-10,"Regional household tariff from 2026-10-01 (FAS order 1130/25 caps), single-rate urban without electric stove, incl. VAT 22%: https://smol.aif.ru/society/vokrug-sveta-i-vody-kak-s-1-oktyabrya-izmenyatsya-tarify-na-zhku-v-smolenske","Tariff figure from official regional order (public act, art. 1259(6)); reported by third-party media, page itself copyrighted",high confidence
RU,RU-SPE,7.88,RUB,2026-10,"Regional household tariff from 2026-10-01 (FAS order 1130/25 caps), single-rate urban without electric stove, incl. VAT 22%: https://www.fontanka.ru/2026/09/30/76667814/","Tariff figure from official regional order (public act, art. 1259(6)); reported by third-party media, page itself copyrighted",high confidence
RU,RU-STA,7.90,RUB,2026-10,"Regional household tariff from 2026-10-01 (FAS order 1130/25 caps), single-rate urban without electric stove, incl. VAT 22%: https://stavropol.media/news/2638201/","Tariff figure from official regional order (public act, art. 1259(6)); reported by third-party media, page itself copyrighted",high confidence
RU,RU-SVE,7.15,RUB,2026-10,"Regional household tariff from 2026-10-01 (FAS order 1130/25 caps), single-rate urban without electric stove, incl. VAT 22%: https://www.e1.ru/text/house/2026/09/30/76659292/","Tariff figure from official regional order (public act, art. 1259(6)); reported by third-party media, page itself copyrighted",medium confidence
RU,RU-TA,6.47,RUB,2026-10,"Regional household tariff from 2026-10-01 (FAS order 1130/25 caps), single-rate urban without electric stove, incl. VAT 22%: https://kazan.aif.ru/society/voda-teplo-i-svet-kak-vyrastut-tarify-zhkh-v-tatarstane-s-1-oktyabrya-2026","Tariff figure from official regional order (public act, art. 1259(6)); reported by third-party media, page itself copyrighted",high confidence
RU,RU-TAM,6.80,RUB,2026-10,"Regional household tariff from 2026-10-01 (FAS order 1130/25 caps), single-rate urban without electric stove, incl. VAT 22%: https://tradesip.ru/blog/tarif_na_elektroenergiu_2026/tambovskaya-oblast/","Tariff figure from official regional order (public act, art. 1259(6)); reported by third-party media, page itself copyrighted",medium confidence
RU,RU-TOM,6.07,RUB,2026-10,"Regional household tariff from 2026-10-01 (FAS order 1130/25 caps), single-rate urban without electric stove, incl. VAT 22%: https://rec.tomsk.gov.ru/","Official regional government publication (public act, art. 1259(6))",medium confidence
RU,RU-TUL,7.60,RUB,2026-10,"Regional household tariff from 2026-10-01 (FAS order 1130/25 caps), single-rate urban without electric stove, incl. VAT 22%: https://71.ru/text/gorod/2026/09/14/76641235/","Tariff figure from official regional order (public act, art. 1259(6)); reported by third-party media, page itself copyrighted",medium confidence
RU,RU-TVE,6.62,RUB,2026-10,"Regional household tariff from 2026-10-01 (FAS order 1130/25 caps), single-rate urban without electric stove, incl. VAT 22%: https://vedtver.ru/news/society/s-1-oktjabrja-2026-goda-v-tverskoj-oblasti-obnovjatsja-tarify-na-jelektrojenergiju/","Tariff figure from official regional order (public act, art. 1259(6)); reported by third-party media, page itself copyrighted",high confidence
RU,RU-TY,5.81,RUB,2026-10,"Regional household tariff from 2026-10-01 (FAS order 1130/25 caps), single-rate urban without electric stove, incl. VAT 22%: https://energoseti.ru/rate/respublika-tyva","Tariff figure from official regional order (public act, art. 1259(6)); reported by third-party media, page itself copyrighted",medium confidence
RU,RU-TYU,4.77,RUB,2026-10,"Regional household tariff from 2026-10-01 (FAS order 1130/25 caps), single-rate urban without electric stove, incl. VAT 22%: https://www.garant.ru/products/ipo/prime/doc/413442354/","Official act of a federal body: not a copyright object (Civil Code RF art. 1259(6)); text copied via garant.ru, whose site terms restrict reuse of its own materials",medium confidence
RU,RU-UD,6.41,RUB,2026-10,"Regional household tariff from 2026-10-01 (FAS order 1130/25 caps), single-rate urban without electric stove, incl. VAT 22%: https://www.garant.ru/products/ipo/prime/doc/413442354/","Official act of a federal body: not a copyright object (Civil Code RF art. 1259(6)); text copied via garant.ru, whose site terms restrict reuse of its own materials",medium confidence
RU,RU-ULY,6.27,RUB,2026-10,"Regional household tariff from 2026-10-01 (FAS order 1130/25 caps), single-rate urban without electric stove, incl. VAT 22%: https://ulenergo.ru/b2c/tariffs","Tariff figure from official regional order (public act, art. 1259(6)); published on supplier site",medium confidence
RU,RU-VGG,7.49,RUB,2026-10,"Regional household tariff from 2026-10-01 (FAS order 1130/25 caps), single-rate urban without electric stove, incl. VAT 22%: https://xn--b1ats.xn--80asehdb/feed/kommunalka/volgogradskaya-oblast-perekhodit-na-novye-tarify-zhkkh-s-1-oktyabrya-8598849580.html","Tariff figure from official regional order (public act, art. 1259(6)); reported by third-party media, page itself copyrighted",medium confidence
RU,RU-VLA,9.38,RUB,2026-10,"Regional household tariff from 2026-10-01 (FAS order 1130/25 caps), single-rate urban without electric stove, incl. VAT 22%: https://www.garant.ru/products/ipo/prime/doc/413442354/","Official act of a federal body: not a copyright object (Civil Code RF art. 1259(6)); text copied via garant.ru, whose site terms restrict reuse of its own materials",medium confidence
RU,RU-VLG,8.10,RUB,2026-10,"Regional household tariff from 2026-10-01 (FAS order 1130/25 caps), single-rate urban without electric stove, incl. VAT 22%: https://abnews.ru/szfo/news/vologda/2026/9/7/v-vologodskoj-oblasti-s-1-oktyabrya-uvelichat-tarify-na-elektrichestvo-i-vyvoz-musora","Tariff figure from official regional order (public act, art. 1259(6)); reported by third-party media, page itself copyrighted",high confidence
RU,RU-VOR,6.69,RUB,2026-10,"Regional household tariff from 2026-10-01 (FAS order 1130/25 caps), single-rate urban without electric stove, incl. VAT 22%: https://novostivoronezha.ru/2026/07/30/358707","Tariff figure from official regional order (public act, art. 1259(6)); reported by third-party media, page itself copyrighted",medium confidence
RU,RU-YAN,4.77,RUB,2026-10,"Regional household tariff from 2026-10-01 (FAS order 1130/25 caps), single-rate urban without electric stove, incl. VAT 22%: https://www.garant.ru/products/ipo/prime/doc/413442354/","Official act of a federal body: not a copyright object (Civil Code RF art. 1259(6)); text copied via garant.ru, whose site terms restrict reuse of its own materials",medium confidence
RU,RU-YAR,6.30,RUB,2026-10,"Regional household tariff from 2026-10-01 (FAS order 1130/25 caps), single-rate urban without electric stove, incl. VAT 22%: https://76.ru/text/economics/2026/09/25/76658705/","Tariff figure from official regional order (public act, art. 1259(6)); reported by third-party media, page itself copyrighted",high confidence
RU,RU-YEV,6.32,RUB,2026-10,"Regional household tariff from 2026-10-01 (FAS order 1130/25 caps), single-rate urban without electric stove, incl. VAT 22%: https://www.garant.ru/products/ipo/prime/doc/413442354/","Official act of a federal body: not a copyright object (Civil Code RF art. 1259(6)); text copied via garant.ru, whose site terms restrict reuse of its own materials",medium confidence
RU,RU-ZAB,6.95,RUB,2026-10,"Regional household tariff from 2026-10-01 (FAS order 1130/25 caps), single-rate urban without electric stove, incl. VAT 22%: https://www.chita.ru/text/society/2026/09/22/76655463/","Tariff figure from official regional order (public act, art. 1259(6)); reported by third-party media, page itself copyrighted",high confidence
RW,,392.0,RWF,2025-10,residential blocks 89/310/369 RWF/kWh; 18% VAT | https://www.rura.rw/fileadmin/user_upload/RURA/Documents/Tariffs/Public_Notice_on_Electricity_End_User_Tariff__October_2025_.pdf,utility/regulator tariff (public regulatory document; rates are facts),"medium confidence; at 200 kWh/month; RURA notice effective 1 Oct 2025, tariffs stated VAT-exclusive: 20x89 + 30x310 + 150x369 = 66,430 RWF; x1.18 = 78,387 -> 391.9 RWF/kWh. Most Rwandan households use under 50 kWh and pay much less per kWh"
SA,,0.245,SAR,2025-02,energy 18 halala + meter fee SAR 10 + 15% VAT | https://sera.gov.sa/en/consumer/electric-tariff/electric-tariff-categories/consumption-tariff,utility/regulator tariff (public regulatory document; rates are facts),"medium confidence; at 300 kWh/month; Same for citizens and expats (0.18 SAR up to 6,000 kWh); read via web.archive.org Feb 2025; meter fee from ECRA 2018 tariff; 0.218 at 1,000 kWh"
SB,,6.89,SBD,2026-09,Solomon Power domestic blocks incl. fuel charge | https://solomonpower.com.sb/wp-content/uploads/2026/09/September-Charges.pdf,utility/regulator tariff (public regulatory document; rates are facts),medium confidence; at 200 kWh/month; Resets monthly; tax unverified
SC,,2.02,SCR,,Tariff 120 energy blocks + power demand charge 4.9 SCR/kVA at assumed 6 kVA; fuel price variation and VAT not included | https://www.puc.sc/electricity-tariffs/,utility/regulator tariff (public regulatory document; rates are facts),low confidence; at 300 kWh/month; PUC current schedule (no effective date shown): 200x1.83 + 100x2.12 + 6x4.9 = SCR 607.4 -> 2.02/kWh. Monthly fuel price variation clause (0.28 c per 1 c/l fuel change) and VAT status unknown
SD,,80.0,SDG,2026-05,SEDC residential prepaid blocks applied from 1 May 2026; tax treatment unknown; no official gazette published | https://akhbarsakhina.com/%D8%B2%D9%8A%D8%A7%D8%AF%D8%A9-%D8%AC%D8%AF%D9%8A%D8%AF%D8%A9-%D9%81%D9%8A-%D8%AA%D8%B9%D8%B1%D9%81%D8%A9-%D8%A7%D9%84%D9%83%D9%87%D8%B1%D8%A8%D8%A7%D8%A1-%D8%A8%D8%A7%D9%84%D8%B3%D9%88%D8%AF%D8%A7/,news reports of applied SEDC prepaid prices (no official publication; rates as observed),"low confidence; at 200 kWh/month; From 1 May 2026 (reported 2-3 May 2026 by akhbarsakhina.com and alnilin.com, ~72% unannounced rise): first 100 kWh 7,000 SDG (70/kWh, was 40), second 100 kWh 9,000 (90, was 50), third 100 kWh 11,000 (110, was 60). 200 kWh = 16,000 SDG -> 80 SDG/kWh. Wartime: prices volatile, supply often <6h/day, further unannounced changes likely"
SE,,2.992,SEK,2025-12,Eurostat nrg_pc_204 2025-S2 band DC all taxes,"Eurostat: reuse authorised, source acknowledged",
SG,,0.3116,SGD,2026-10,flat regulated tariff (energy + network + market costs) incl. 9% GST; no standing charge; U-Save rebates not applied | https://www.spgroup.com.sg/about-us/media-resources/news-and-media-releases/Electricity-Tariff-Revision-for-the-Period-1-July-to-30-September-2027,utility/regulator tariff (public regulatory document; rates are facts),high confidence; at 300 kWh/month; SP Group 1 Oct-31 Dec 2026: 28.59 c/kWh before GST x 1.09 = 31.16 c (URL slug is SP Group's own mislabel; page title reads 1 October to 31 December 2026)
SH,,0.47,SHP,2026-09,flat domestic unit rate (fuel component + overheads - SHG subsidy - domestic discount); no standing charge; no VAT | http://www.connect.co.sh/uploads/2/9/0/2/29020443/260819_changes_to_electricity_tariffs_effective_1_september_2026.pdf,utility/regulator tariff (public regulatory document; rates are facts),"high confidence; at 300 kWh/month; Connect Saint Helena domestic tariff from 2026-09-01: GBP/SHP 0.47/kWh for up to 1,000 kWh, 0.58 above. Prices St Helena island only. Ascension and Tristan da Cunha have separate island-government supplies and no published household tariff was found."
SI,,0.2121,EUR,2025-12,Eurostat nrg_pc_204 2025-S2 band DC all taxes,"Eurostat: reuse authorised, source acknowledged",
SJ,,1.2,NOK,2025-10,"flat price per kWh for households and holiday homes in Longyearbyen, the former fixed charge (fastledd, about 10.50 kr/day) folded in, state-funded reduction applied; Svalbard is outside the Norwegian VAT area | https://www.svalbard-energi.no/stoette-til-reduserte-stroempriser-for-husholdninger-i-longyearbyen.6729844-586879.html",utility tariff (public notice; rates are facts),"high confidence; at 300 kWh/month; Svalbard Energi AS (Longyearbyen's municipal utility), notice updated 2025-09-25: from 1 Oct 2025 households pay 1.20 kr/kWh flat, any consumption, fixed charge included; before: 3.20 kr/kWh + about 10.50 kr/day (at 300 kWh/month: 3.20 + 10.50 x 30.4 / 300 = 4.26). Revised national budget May 2026 keeps a Svalbardpris for 2026 (NOK 9.3m) so households pay what a mainland Norgespris household pays. Covers Longyearbyen (about 2,500 of Svalbard's residents); Barentsburg (Russian mining settlement) and Jan Mayen (station staff) not priced"
SK,,0.1853,EUR,2025-12,Eurostat nrg_pc_204 2025-S2 band DC all taxes,"Eurostat: reuse authorised, source acknowledged",
SL,,4.563,SLE,2023-10,block energy charges incl. GST 15% + prepaid T1 service charge 11 SLE/month | https://ewrc.gov.sl/wp-content/uploads/2025/02/Approval-for-Gazette-1.pdf,utility/regulator tariff (public regulatory document; rates are facts),"medium confidence; at 200 kWh/month; SLEWRC-approved EDSA tariff effective 2023-10-01 (gazette copy uploaded 2025-02), quoted in old leones (SLL); converted 1 SLE = 1000 SLL. Blocks: 0-25 kWh 2.092, 25-200 kWh 4.853, >200 kWh 5.271 SLE/kWh incl. GST. No later approved tariff found, but the web-search budget ran out before 2025-26 news could be fully checked."
SM,,0.223,EUR,2026-08,"PUN-indexed energy (two blocks) + power term at 4.5 kW; no VAT in San Marino, other levies not found | https://www.aass.sm/site/home/tariffe/servizio-energia-elettrica.html",utility/regulator tariff (public regulatory document; rates are facts),"medium confidence; at 300 kWh/month; AASS domestic <=4.5 kW from 2026-04-01: first 200 kWh PUN+0.016180, beyond PUN+0.056629; power 0.880033 EUR/kW/mo. Billed PUN Aug 2026 = 0.180000 EUR/kWh (AASS table). 200x0.19618 + 100x0.236629 + 3.96 = 66.86 -> 0.2229. PUN was 0.11-0.13 for most of 2026, so a year-average figure would be ~0.17"
SN,,128.91,XOF,2026-01,Senelec Woyofal (prepaid) DPP blocks incl. 0.7 FCFA/kWh rural electrification levy + 18% TVA on whole consumption (above social tranche) | https://www.crse.sn/wp-content/uploads/2026/03/Grille-tarifaire-Senelec-a-compter-du-01012026-1.pdf,utility/regulator tariff (public regulatory document; rates are facts),"medium confidence; at 300 kWh/month; CRSE decision 2025-140 (in force 1 Jan 2026). Prepaid = 75% of Senelec customers (2025). 150 x 82.00 + 150 x 136.49 (prepaid bills tranche 3 at tranche 2 rate) = 32773.5, x1.18 TVA = 38672.7 / 300. Postpaid DPP at 300: 133.41. Households <=150 kWh pay 82.00 TVA-exempt. Municipal tax on bills not verified, not included."
SO,SO-BN,0.41,USD,2023-01,"BECO household rate $0.41/kWh flat (2023; BGS Fig. 2: 'maximum for household $0.41', all-customer average $0.36) | https://bgs.so/wp-content/uploads/2025/10/Navigating-Non-Technical-Barriers-to-Affordable-Electricity-in-Somalia.pdf | https://wardheernews.com/somalia-powers-ahead-with-affordable-renewable-energy/","Barkhadle Global Studies report, Oct 2025 (publicly posted PDF)","low confidence; flat per kWh, any use; BECO (main Mogadishu provider); no 2024-26 BECO tariff found"
SO,SO-GAL,1.00,USD,2023-01,"2023 state average $1.00/kWh (BGS Fig. 1, from Shuraako and NTP 2025); main cities Galkayo (south), Dhusamareb | https://bgs.so/wp-content/uploads/2025/10/Navigating-Non-Technical-Barriers-to-Affordable-Electricity-in-Somalia.pdf","Barkhadle Global Studies report, Oct 2025 (publicly posted PDF)","low confidence; flat per kWh, any use; survey average, not a provider schedule"
SO,SO-HIR,1.00,USD,2023-01,"2023 state average $1.00/kWh (BGS Fig. 1, from Shuraako and NTP 2025); main cities Jowhar, Beledweyne | https://bgs.so/wp-content/uploads/2025/10/Navigating-Non-Technical-Barriers-to-Affordable-Electricity-in-Somalia.pdf","Barkhadle Global Studies report, Oct 2025 (publicly posted PDF)","low confidence; flat per kWh, any use; survey average, not a provider schedule"
SO,SO-JUB,0.90,USD,2023-01,"2023 state average $0.90/kWh (BGS Fig. 1, from Shuraako and NTP 2025); main city Kismayo | https://bgs.so/wp-content/uploads/2025/10/Navigating-Non-Technical-Barriers-to-Affordable-Electricity-in-Somalia.pdf","Barkhadle Global Studies report, Oct 2025 (publicly posted PDF)","low confidence; flat per kWh, any use; survey average, not a provider schedule"
SO,SO-PUN,0.79,USD,2025-08,"Bosaso (largest city), PEPCO $0.79/kWh (Somali Public Agenda, Aug 2025); Garowe ~$0.59 | https://somalipublicagenda.org/wp-content/uploads/2025/08/SPA_Governance_Briefs_36_2025_ENGLISH1.pdf",Somali Public Agenda governance brief (publicly posted PDF),"low confidence; flat per kWh, any use; reported price, not a published schedule; BGS 2023 state average $1.00"
SO,SO-SML,0.59,USD,2025-12,"Ministry of Energy and Minerals tariff $0.59/kWh for cities except Berbera (was $0.73), from 2025-12-01; main city Hargeisa | https://www.geeska.com/en/somaliland-cuts-electricity-tariffs-ease-energy-costs | https://www.somalilandcurrent.com/somaliland-government-announces-significant-reduction-in-national-electricity-tariff/",press report of a ministry tariff decision,"medium confidence; flat per kWh, any use; government-set cap tied to subsidised fuel; Berbera has its own lower rate"
SO,SO-SWS,0.70,USD,2023-01,"2023 state average $0.70/kWh (BGS Fig. 1, from Shuraako and NTP 2025); main city Baidoa | https://bgs.so/wp-content/uploads/2025/10/Navigating-Non-Technical-Barriers-to-Affordable-Electricity-in-Somalia.pdf","Barkhadle Global Studies report, Oct 2025 (publicly posted PDF)","low confidence; flat per kWh, any use; survey average, not a provider schedule"
SR,,2.18,SRD,2024-12,EBS 1.971 SRD/kWh + basic charge minus subsidy 150 | https://nvebs.com/uploads/files/page/tarieven-december-2024-pdf.pdf,utility/regulator tariff (public regulatory document; rates are facts),low confidence; at 300 kWh/month; Likely understated: 2026 subsidy phase-out
SS,,0.31,USD,2025-04,"JEDCO Juba residential prepaid energy charge, USD-denominated, paid in SSP at the prevailing rate; 13% reduction of 8 Apr 2025 applied | https://www.sudanspost.com/jedco-announces-13-electricity-tariff-reduction/",news report of the utility's announced tariff (rates are facts),"medium confidence; at 200 kWh/month; From 8 Apr 2025: <=100 kWh $0.303/kWh, >100 kWh $0.316/kWh. 200 kWh: 100x0.303 + 100x0.316 = $61.90 -> $0.3095/kWh. Grid service exists essentially only in Juba (plus small town systems); fixed charges not reported"
ST,,2.21,STN,2026-09,postpaid domestic blocks + 10/30A single-phase meter rental 6 STN/month; IVA not shown | https://www.emae.st/PT/clientes/tarifarios,utility/regulator tariff (public regulatory document; rates are facts),"low confidence; at 300 kWh/month; EMAE published tariff (unchanged in Wayback captures from 2021-11 through 2026-09): domestic postpaid <=100 kWh 1.67, <=300 kWh 2.45, >300 kWh 3.84 STN/kWh; prepaid domestic single-phase 2.75 STN/kWh. Treated as progressive blocks; if the band applies to all kWh the figure is 2.47. Whether IVA (introduced 2023) applies to household electricity was not verified."
SV,,0.225,USD,2026-05,SIGET pliego CAESS residential: fixed + energy (frozen Jan-2024 level for <=300 kWh users) + distribution + IVA 13%; excludes municipal fees | https://www.siget.gob.sv/download/los-pliegos-tarifarios-del-suministro-de-energia-electrica-al-consumidor-final-vigentes-del-1-de-mayo-al-31-de-julio-de-2026/?wpdmdl=9572,utility/regulator tariff (public regulatory document; rates are facts),"medium confidence; at 200 kWh/month; CAESS (San Salvador). Energy charge for residential users averaging <=300 kWh in Jan-Mar 2024 stays at the 15 Jan-14 Apr 2024 pliego (0.146487 USD/kWh) per DGEHM agreements; distribution/commercialisation from May-Jul 2026 pliego (latest posted; Aug-Oct 2026 not yet on siget.gob.sv). Subsidy only for <105 kWh, not applied."
SX,,0.74,XCG,2026-07,GEBE base rate XCG 0.25/kWh (unchanged since 2011) + fuel clause XCG 0.49/kWh from 10 Jul 2026; fixed charge and any turnover tax NOT included | https://stmaartennews.com/news/how-rising-energy-costs-impact-households-in-st-maarten/,news report of government-commissioned BTP/RAC tariff evaluation (facts),low confidence; at 300 kWh/month; GEBE publishes no tariff sheet; base rate from 2025 BTP SXM/RAC evaluation as reported; fuel clause 0.49 from a reader letter (https://stmaartennews.com/letters-to-the-editor/gebe-overcharges/). Fuel clause varies monthly; unverified
SY,,8.0,SYP,2025-11,"blocks 6 SYP first 300 kWh per 2-month cycle, 14 SYP above (new pounds) | https://sana.sy/locals/2553528/",utility/regulator tariff (public regulatory document; rates are facts),"medium confidence; at 200 kWh/month; Ministry of Energy decision 687 (2025-10-30), reported by SANA; new pound = 100 old (800 old SYP/kWh); fixed fees/stamp unknown; north-east/north-west not covered"
SZ,,2.86,SZL,2026-04,S1 domestic energy charge incl. 2.5% rural electrification levy; no facility charge; VAT not applicable to domestic | https://www.eec.co.sz/domestic/tariffs/,utility/regulator tariff (public regulatory document; rates are facts),"high confidence; at 300 kWh/month; EEC 2026/27 S1 Domestic flat 2.8624 SZL/kWh (as_of assumed 1 Apr 2026 FY start). Lifeline S10: 1.5685 for 0-75 kWh, 2.8624 for 76-100, 6.2973 above 100"
TC,,0.48,USD,2026-08,"Pelican Energy TCI (ex-FortisTCI) Providenciales residential electric rate USD 0.26/kWh (<=300 kWh; 0.275 above) + fuel factor capped at 0.22/kWh for eligible households (actual Aug 2026 0.2771); no fixed charge, no VAT | https://www.pelicanenergytci.com/fuel-factor/fuel-factor-rates-update-august-2026",utility/regulator tariff (public regulatory document; rates are facts),"medium confidence; at 300 kWh/month; Base rates from utility bill estimator (https://www.pelicanenergytci.com/billestimate); cap runs Jul-Oct 2026 only; unsubsidised 0.5371. Grand Turk base 0.273/0.289, South Caicos 0.25/0.264"
TD,,95.0,XAF,2020-04,"SNE basse tension domestic blocks: 0-150 kWh 85 XAF/kWh, >150 kWh 125 XAF/kWh; fixed charges/TVA not itemised in source | https://tchadinfos.com/coronavirus-gratuite-de-lelectricite-jusqua-quel-niveau/",news report quoting the SNE tariff grid (rates are facts),"low confidence; at 200 kWh/month; 200 kWh: 150x85 + 50x125 = 19,000 XAF -> 95 XAF/kWh. Grid as cited in 2020 (COVID free-electricity scheme described the normal SNE rates); no later SNE tariff revision found to Oct 2026; SNE publishes no grid online. Service limited to N'Djamena and a few towns, heavy load-shedding"
TG,,114.74,XOF,2025-05,energy (prepaid domestic <2.2 kVA blocks) + 18% TVA above the first 100 kWh + redevance éclairage public 5 F/kWh; no fixed charges on prepaid <2.2 kVA | https://services.ceet.tg/informations-utiles,utility/regulator tariff (public regulatory document; rates are facts),"medium confidence; at 200 kWh/month; Arrêté interministériel 072 of 24 Mar 2025, in force 5 May 2025 (+12.5%). Prepaid: 30x70 + 90x88 + 80x123 = 19860 + 2088 TVA (first 100 kWh exempt for <=2.2 kVA, CEET Bon à savoir) + 1000 EP = 22948 FCFA / 200 kWh. Postpaid <2.2 kVA gives ~125.4. Taxe d'habitation collected via CEET bills excluded (property tax)."
TH,,3.8846,THB,2026-09,energy blocks + 24.62 THB service charge + Ft 16.23 satang + 7% VAT | https://www.pea.co.th/sites/default/files/users/user34/attachments/Electricity_Tariff_SEP_2026_3.pdf,utility/regulator tariff (public regulatory document; rates are facts),"high confidence; at 300 kWh/month; Type 1.1.2: 200x3.0000 + 100x4.1584 + 300x0.1623 + 24.62 = 1,089.15 x 1.07 = 1,165.39 THB"
TJ,,0.4137,TJS,2026-02,energy (flat household rate); no fixed charge found; VAT treatment unconfirmed | https://interfax.com/newsroom/top-stories/115538/,utility/regulator tariff (public regulatory document; rates are facts),medium confidence; at 300 kWh/month; 41.37 diram/kWh by government decree approved 2025-12-29; figures from news citing the decree
TK,,0.5,NZD,2026-06,official CPI average retail price | https://www.tokelau.org.nz/site/tokelau/2026q2-cpi-tokelau-tables.xlsx,official statistics (rates are facts),medium confidence; at 148 kWh/month
TL,,0.113,USD,2017-01,energy; no VAT; no fixed charge found (prepaid) | https://www.adb.org/sites/default/files/linked-documents/49177-002-ssa.pdf,utility/regulator tariff (public regulatory document; rates are facts),low confidence; at 200 kWh/month; Ministerial Diploma 1/2017 via ADB: 20x0.05 + 180x0.12 = US$22.60 / 200; not confirmed unchanged since 2017
TM,,0.025,TMT,2017-11,energy incl. VAT; no fixed charge | https://turkmenistan.gov.tm/en/post/9220/new-charges-for-gas-electricity-housing-and-communal-transport-and-communications-services,utility/regulator tariff (public regulatory document; rates are facts),low confidence; at 300 kWh/month; 2.50 manat per 100 kWh from the 2017 decree; free allowance abolished 2019; no later change found but not confirmed; official 3.50 TMT/USD vs street ~10x weaker
TN,,0.207,TND,2022-05,"energy (all kWh at 101-200 tier), power charge 2 kVA + 19% TVA, TVA 7% on energy, municipal surtax 5 mill/kWh, FTE 5 mill/kWh | https://www.steg.com.tn/fr/page/les-tarifs-d%C3%A9lectricit%C3%A9",utility/regulator tariff (public regulatory document; rates are facts),"medium confidence; at 200 kWh/month; STEG BT residential tariff valid since 2022-05-01, no change reported since. 85% of customers use 200 kWh/month or less (STEG, Kapitalis 2022-05). Each tier price applies to the whole monthly consumption in that band. A radio-TV fee on bills is reported by non-official sites but not on STEG's page, so it is excluded. Bills are bimonthly."
TO,,1.1157,TOP,2026-07,regulated tariff all-in as billed | https://matangitonga.to/2026/07/02/falling-diesel-prices-begin-lower-electricity-tariff,utility/regulator tariff (public regulatory document; rates are facts),medium confidence; at 300 kWh/month
TR,,3.0792,TRY,2025-12,Eurostat nrg_pc_204 2025-S2 band DC all taxes,"Eurostat: reuse authorised, source acknowledged",
TT,,0.373,TTD,2023-11,"customer charge TT$7.50 + block energy (0-200 @0.28, 201-700 @0.40); VAT not applied to residential (not verified) | https://www.ric.org.tt/wp-content/uploads/2023/11/RICs-Final-Determination-for-the-Electricity-Transmission-and-Distribution-Sector-of-Trinidad-and-Tobago-2023-2028.pdf",utility/regulator tariff (public regulatory document; rates are facts),"medium confidence; at 627 kWh/month; RIC Final Determination 2023-2028, Table 1 (2023 tariffs); RIC gives 627 kWh/month as average residential use (bill TT$234.30). At 300 kWh: TT$103.50 = 0.345/kWh. No fuel adjustment clause. No later annual adjustment found."
TV,,0.4525,AUD,2008-01,"energy blocks only (prepaid meters, no fixed charge); first 50 kWh/month exempt from 7% consumption tax, CT treatment above that unstated | https://www.tectuvalu.tv/residential/",utility/regulator tariff (public regulatory document; rates are facts),"medium confidence; at 200 kWh/month; TEC Funafuti: 50x0.30 + 50x0.39 + 100x0.56 = A$90.50 / 200 kWh; outer islands one cent less per block (0.4425); unchanged since legislated Jan 2008 (ADB), well below cost (~A$0.82/kWh)"
TW,,2.28,TWD,2025-10,"progressive energy blocks, 5% business tax included; no fixed charge | https://www.taipower.com.tw/2764/2804/2805/69043/normalPost",utility/regulator tariff (public regulatory document; rates are facts),"medium confidence; at 345 kWh/month; annual average: (8 x NT$638 non-summer at 308 kWh + 4 x NT$1,084 summer at 418 kWh) / 4,136 kWh; non-summer alone 2.07, summer 2.59"
TZ,,356.0,TZS,2016-04,"T1 energy charge 292 TZS/kWh, no service charge; VAT 18% + REA levy 3% + EWURA levy 1% (additive 22%) | https://www.ewura.go.tz/uploads/documents/en-1770358313-EWURA%20FACT%20SHEET%20DECEMBER%202025.pdf",utility/regulator tariff (public regulatory document; rates are facts),"medium confidence; at 300 kWh/month; EWURA fact sheet Dec 2025 confirms T1 = 292 TZS/kWh, service charge 0, unchanged since 1 Apr 2016. Levy stacking (22% additive -> 356.2; compounded -> 358.3) is from TANESCO bill practice, not the EWURA document. D1 low-use households (<=75 kWh) pay 100 TZS/kWh"
UA,,4.32,UAH,2026-10,"Cabinet of Ministers PSO household price 4.32 UAH/kWh incl. VAT, in force to 2026-10-31","Official legislative act, public",https://zakon.rada.gov.ua/laws/show/483-2019-%D0%BF
UG,,920.0,UGX,2026-07,"Code 10.1 domestic energy charge 779.4 UGX/kWh, no fixed charge; 18% VAT added | https://www.era.go.ug/tariff-schedules/",utility/regulator tariff (public regulatory document; rates are facts),"medium confidence; at 200 kWh/month; ERA schedule Q3 2026 (Jul-Sep): lifeline 250 for first 15 kWh only if 6-month average <=100 kWh, else 779.4 for all units (cooking tariff 412 for 81-150 kWh only for registered cooking customers). 200 x 779.4 x 1.18 = 919.7/kWh. Q4 2026 schedule listed 1 Oct 2026 but file not attached; VAT treatment of domestic supply assumed standard 18%"
UY,,12.19,UYU,2026-01,UTE Residencial Simple blocks + 4.4 kW power + fixed; IVA 22% | https://www.ute.com.uy/sites/default/files/docs/Pliego%20Tarifario%20Enero%202026.pdf,utility/regulator tariff (public regulatory document; rates are facts),high confidence; at 300 kWh/month
UZ,,733.33,UZS,2026-06,energy blocks; no fixed charge; VAT believed included (not stated) | https://www.spot.uz/ru/2026/05/15/energy-tariffs-up/,utility/regulator tariff (public regulatory document; rates are facts),"high confidence; at 300 kWh/month; PKM-243 of 2026-05-15: 200x650 + 100x900 = 220,000 sum / 300 kWh"
VA,,0.2966,EUR,2025-12,Italy's row (Vatican City has no tariff of its own and is supplied from the Italian grid): Eurostat nrg_pc_204 2025-S2 band DC all taxes,"Eurostat: reuse authorised, source acknowledged",proxy: copy of the IT row; update it with IT
VC,,1.34,XCD,2026-09,VINLEC domestic energy 0.50/kWh + fuel surcharge 0.7967/kWh (Sep 2026 bills) + VAT 16% on energy charge for kWh above 150 (fuel surcharge VAT-free) | https://www.vinlec.com/public/uploads/files/8.%20FRT%20AUGUST%20%202026%20%28Applicable%20for%20September%202026%29.pdf,utility/regulator tariff (public regulatory document; rates are facts),medium confidence; at 300 kWh/month; Surcharge from VINLEC's Sep 2026 notice. Energy rate 0.50 and VAT treatment derived from VINLEC's sample bill (June 2022; https://www.vinlec.com/public/uploads/files/Get%20to%20Know%20Your%20E-BILL-%20FINAL.pdf) - not re-confirmed for 2026.
VE,,20.0,VES,2026-04,quasi-flat monthly household bill divided by 300 kWh; no published pliego tarifario; meters largely unread; some states ride waste fees on the bill | https://elpitazo.net/economia/la-luz-aumenta-y-el-servicio-empeora-testimonios-revelan-incrementos-mensuales-en-la-electricidad/,press reporting of billed amounts (no official tariff is published),"low confidence; at 300 kWh/month; Apr 2026 bills: Caracas 3,700 Bs, Barquisimeto 8,970 Bs -> 12.3-29.9 VES/kWh at 300 kWh, midpoint ~20; fees USD-indexed, BCV-rate scaling implies ~22-53 VES/kWh by Oct 2026 (not asserted); use the BCV official rate (~871 VES/USD Oct 2026, parallel gap ~11%)"
VG,,0.51,USD,2026-08,"energy 0-60 kWh @0.24 + 61+ @0.225 + fixed charge USD 2.50 + net fuel surcharge 0.27606/kWh (July 2026 fuel, August bills, after BVIEC mandatory subsidy); no VAT/GST in BVI; one-off government credit excluded | https://bvielectricity.com/about-us/rates-regulations/",utility/regulator tariff (public regulatory document; rates are facts),high confidence; at 300 kWh/month; Fuel surcharge from https://bvielectricity.com/bviecs-monthly-fuel-data-june-july-2026/ (gross 0.34758). With the one-off government credit (effective 0.206437) the August bill would be 0.44. Base rates unchanged since 1978.
VI,,0.43,USD,2026-07,first 250 kWh @0.408479 + rest @0.434677 (each = base energy charge + LEAC fuel charge 0.222246 + PILOT/self-insurance/OPEB surcharges) + customer charge USD 4.86; no sales tax | https://www.viwapa.vi/docs/default-source/default-document-library/electric-rate-infographic.pdf?sfvrsn=a338535c_18,utility/regulator tariff (public regulatory document; rates are facts),medium confidence; at 300 kWh/month; WAPA rate breakdown 'as of 1 March 2022'; PSC kept LEAC at 22.2226 c/kWh for Jul-Sep 2026 and voted Sep 2026 to keep it through end-2026 (https://psc.vi.gov/006-26-01-psc-regular-meeting-energy-matters-june-2026/). No later base-rate change found.
VN,,2662.0,VND,2025-05,6-tier energy charge + 8% VAT; no fixed charge | https://www.cskh.evnspc.vn/TraCuu/ThongTinGiaDien,utility/regulator tariff (public regulatory document; rates are facts),"medium confidence; at 300 kWh/month; Decision 1279/QD-BCT: 50x1,984 + 50x2,050 + 100x2,380 + 100x2,998 = 739,500 x 1.08 = 798,660 VND; 2026 revision not ruled out"
VU,,129.8,VUV,2026-09,UNELCO Port Vila small domestic blocks + VAT 15% | https://ura.gov.vu/en/electricity/electricity-tariff,utility/regulator tariff (public regulatory document; rates are facts),low confidence; at 200 kWh/month; Date of P=67.79 unconfirmed
WF,,19.1,XPF,2025-02,"energy only, aligned to metropolitan Tarif Bleu TTC (CSPE + local and territorial taxes folded in); monthly abonnement excluded (amount not found) | https://www.ieom.fr/IMG/pdf/rapport-annuel-wf-2024-2.pdf",IEOM annual report (official French public-institution report),"low confidence; at 200 kWh/month; EEWF residential 22.5 F CFP/kWh at Dec 2024 (IEOM series) minus the 1 Feb 2025 -15% TRV cut = ~19.1; eewf.engie.com unreachable and never archived; territorial 3.59 F/kWh electricity tax believed inside the TTC level, unproven"
WS,,0.6025,WST,2023-11,EPC prepaid blocks | https://www.epc.ws/electricity-rates/,utility/regulator tariff (public regulatory document; rates are facts),medium confidence; at 200 kWh/month
XK,,0.0877,EUR,2025-12,Eurostat nrg_pc_204 2025-S2 band DC all taxes,"Eurostat: reuse authorised, source acknowledged",
YT,,0.214,EUR,2026-08,TRVE Base 6 kVA + CSPE/accise 0.03085 EUR/kWh + octroi de mer interne 2.5% (on abonnement+consumption); TVA 0% in Mayotte | https://www.electricitedemayotte.com/particulier/nos-tarifs-services/tarifs-delectricite-dedm/tarifs-particuliers/,utility/regulator tariff (public regulatory document; rates are facts),high confidence; at 300 kWh/month; 11.94 + 300x0.138815 + 300x0.03085 + 2.5% x (11.94 + 41.64) = 64.18 EUR -> 0.214 EUR/kWh
ZA,,4.39,ZAR,2026-07,energy (Domestic tariff block 1) + Services and Wires charge R74.77/month; 15% VAT included | https://www.capetown.gov.za/family-and-home/residential-utility-services/residential-electricity-services/the-cost-of-electricity/,utility/regulator tariff (public regulatory document; rates are facts),"high confidence; at 300 kWh/month; City of Cape Town Domestic tariff (property R500k-R1m; prepaid or credit), 2026/27 from 1 Jul 2026: 300 x 413.79c + R74.77 = R1316.14 -> R4.387/kWh. Municipal-supplied metro household chosen as typical; Eskom-direct Homelight households pay less"
ZM,,1.5,ZMW,2025-11,"R1-R3 inclining blocks, no fixed charge; excise duty 3% + VAT 16% | https://www.zesco.co.zm/tariff.php",utility/regulator tariff (public regulatory document; rates are facts),"medium confidence; at 300 kWh/month; ERB MYT tariffs effective 1 Nov 2025 (to 31 Oct 2026): 100x0.35 + 100x1.00 + 100x2.42 = K377; x1.03 x1.16 = K450.47 -> 1.50 ZMW/kWh. At 200 kWh it is 0.81. Pre-approved 2026/27 rates (0.54/1.28/2.83/4.04) start Nov 2026. Tax treatment from ZESCO token receipts, not in the schedule"
ZW,,4.49,ZWG,2026-10,stepped energy charges incl. 6% REA levy; no fixed charge; VAT not charged on domestic supply (unverified) | https://zimpricecheck.com/price-updates/zesa-tariffs/,utility/regulator tariff (public regulatory document; rates are facts),medium confidence; at 300 kWh/month; ZERA-approved ZETDC prepaid bands are set in USD (8/9/16/23/25/26 USc per kWh + 6% REA) and sold in ZWG at the interbank rate (~26.8 ZWG/USD at 4 Oct 2026). 300 kWh = ZWG 1347.64 -> 4.49 ZWG/kWh (= USD 0.168). Secondary transcription of the ZERA schedule
